route_id,agency_id,route_short_name,route_long_name,route_type,route_color,route_text_color,feed_source
aus:vic:vic-01-ABY:,,Seymour,Albury - Melbourne Via Seymour,2,8F1A95,FFFFFF,1_regional_train
aus:vic:vic-01-ART:,,Ballarat,Ararat - Melbourne Via Ballarat,2,8F1A95,FFFFFF,1_regional_train
aus:vic:vic-01-BAT:,,Ballarat,Ballarat - Melbourne Via Melton,2,8F1A95,FFFFFF,1_regional_train
aus:vic:vic-01-BDE:,,Traralgon,Bairnsdale - Melbourne Via Traralgon & Sale,2,8F1A95,FFFFFF,1_regional_train
aus:vic:vic-01-BGO:,,Bendigo,Bendigo - Melbourne Via Sunbury,2,8F1A95,FFFFFF,1_regional_train
aus:vic:vic-01-ECH:,,Bendigo,Echuca/Moama - Melbourne Via Bendigo or Heathcote,2,8F1A95,FFFFFF,1_regional_train
aus:vic:vic-01-GEL:,,Geelong,Geelong - Melbourne Via Geelong,2,8F1A95,FFFFFF,1_regional_train
aus:vic:vic-01-MBY:,,Ballarat,Maryborough - Melbourne Via Ballarat,2,8F1A95,FFFFFF,1_regional_train
aus:vic:vic-01-SER:,,Seymour,Seymour - Melbourne Via Broadmeadows,2,8F1A95,FFFFFF,1_regional_train
aus:vic:vic-01-SNH:,,Seymour,Shepparton - Melbourne Via Seymour,2,8F1A95,FFFFFF,1_regional_train
aus:vic:vic-01-SWL:,,Bendigo,Swan Hill - Melbourne Via Bendigo,2,8F1A95,FFFFFF,1_regional_train
aus:vic:vic-01-TRN:,,Traralgon,"Traralgon - Melbourne Via Pakenham, Moe & Morwell",2,8F1A95,FFFFFF,1_regional_train
aus:vic:vic-01-vPK:,,Pakenham,Pakenham - City Via Pakenham,2,8F1A95,FFFFFF,1_regional_train
aus:vic:vic-01-WBL:,,Geelong,Warrnambool - Melbourne Via Geelong & Colac,2,8F1A95,FFFFFF,1_regional_train
aus:vic:vic-02-ALM:,,Alamein,Alamein - City,2,152C6B,FFFFFF,2_metro_train
aus:vic:vic-02-ALM-R:,,Replacement Bus,Alamein - City,2,FE5000,FFFFFF,2_metro_train
aus:vic:vic-02-BEG:,,Belgrave,Belgrave - City,2,152C6B,FFFFFF,2_metro_train
aus:vic:vic-02-BEG-R:,,Replacement Bus,Belgrave - City,2,FE5000,FFFFFF,2_metro_train
aus:vic:vic-02-CBE:,,Cranbourne,Cranbourne - City,2,279FD5,000000,2_metro_train
aus:vic:vic-02-CBE-R:,,Replacement Bus,Cranbourne - City,2,FE5000,FFFFFF,2_metro_train
aus:vic:vic-02-CCL:,,City Circle,,2,0072CE,FFFFFF,2_metro_train
aus:vic:vic-02-CGB:,,Craigieburn,Craigieburn - City,2,FFBE00,000000,2_metro_train
aus:vic:vic-02-CGB-R:,,Replacement Bus,Craigieburn - City,2,FE5000,FFFFFF,2_metro_train
aus:vic:vic-02-FKN:,,Frankston,Frankston - City,2,028430,FFFFFF,2_metro_train
aus:vic:vic-02-FKN-R:,,Replacement Bus,Frankston - City,2,FE5000,FFFFFF,2_metro_train
aus:vic:vic-02-GWY:,,Glen Waverley,Glen Waverley - City,2,152C6B,FFFFFF,2_metro_train
aus:vic:vic-02-GWY-R:,,Replacement Bus,Glen Waverley - City,2,FE5000,FFFFFF,2_metro_train
aus:vic:vic-02-HBE:,,Hurstbridge,Hurstbridge - City,2,BE1014,FFFFFF,2_metro_train
aus:vic:vic-02-HBE-R:,,Replacement Bus,Hurstbridge - City,2,FE5000,FFFFFF,2_metro_train
aus:vic:vic-02-LIL:,,Lilydale,Lilydale - City,2,152C6B,FFFFFF,2_metro_train
aus:vic:vic-02-LIL-R:,,Replacement Bus,Lilydale - City,2,FE5000,FFFFFF,2_metro_train
aus:vic:vic-02-MDD:,,Mernda,Mernda - City,2,BE1014,FFFFFF,2_metro_train
aus:vic:vic-02-MDD-R:,,Replacement Bus,Mernda - City,2,FE5000,FFFFFF,2_metro_train
aus:vic:vic-02-PKM:,,Pakenham,Pakenham - City,2,279FD5,000000,2_metro_train
aus:vic:vic-02-PKM-R:,,Replacement Bus,Pakenham - City,2,FE5000,FFFFFF,2_metro_train
aus:vic:vic-02-RCE:,,Flemington Racecourse,Flemington Racecourse - City,2,95979A,000000,2_metro_train
aus:vic:vic-02-RCE-R:,,Replacement Bus,City,2,FE5000,FFFFFF,2_metro_train
aus:vic:vic-02-SHM:,,Sandringham,Sandringham - City,2,F178AF,000000,2_metro_train
aus:vic:vic-02-SHM-R:,,Replacement Bus,Sandringham - City,2,FE5000,FFFFFF,2_metro_train
aus:vic:vic-02-STY:,,Stony Point,Stony Point - Frankston,2,028430,FFFFFF,2_metro_train
aus:vic:vic-02-STY-R:,,Replacement Bus,Stony Point - Frankston,2,FE5000,FFFFFF,2_metro_train
aus:vic:vic-02-SUY:,,Sunbury,Sunbury - City,2,FFBE00,000000,2_metro_train
aus:vic:vic-02-SUY-R:,,Replacement Bus,Sunbury - City,2,FE5000,FFFFFF,2_metro_train
aus:vic:vic-02-UFD:,,Upfield,Upfield - City,2,FFBE00,000000,2_metro_train
aus:vic:vic-02-UFD-R:,,Replacement Bus,Upfield - City,2,FE5000,FFFFFF,2_metro_train
aus:vic:vic-02-WER:,,Werribee,Werribee - City,2,028430,FFFFFF,2_metro_train
aus:vic:vic-02-WER-R:,,Replacement Bus,Werribee - City,2,FE5000,FFFFFF,2_metro_train
aus:vic:vic-02-WIL:,,Williamstown,Williamstown - City,2,028430,FFFFFF,2_metro_train
aus:vic:vic-02-WIL-R:,,Replacement Bus,Williamstown - City,2,FE5000,FFFFFF,2_metro_train
aus:vic:vic-03-1:,,1,South Melbourne Beach - East Coburg,0,B5BD00,000000,3_metro_tram
aus:vic:vic-03-109:,,109,Port Melbourne - Box Hill,0,E87722,000000,3_metro_tram
aus:vic:vic-03-11:,,11,Victoria Harbour Docklands - West Preston,0,6ECEB2,000000,3_metro_tram
aus:vic:vic-03-12:,,12,St Kilda (Fitzroy St) - Victoria Gardens,0,007E92,FFFFFF,3_metro_tram
aus:vic:vic-03-16:,,16,Kew - Melbourne University via St Kilda Beach,0,FBD872,000000,3_metro_tram
aus:vic:vic-03-19:,,19,"Flinders Street Station, City - North Coburg",0,8A1B61,FFFFFF,3_metro_tram
aus:vic:vic-03-3:,,3,East Malvern - Melbourne University,0,8DC8E8,000000,3_metro_tram
aus:vic:vic-03-30:,,30,Central Pier Docklands - St Vincents Plaza,0,534F96,FFFFFF,3_metro_tram
aus:vic:vic-03-35:,,35,Clockwise - Clockwise,0,6B3529,FFFFFF,3_metro_tram
aus:vic:vic-03-48:,,48,Victoria Harbour Docklands - North Balwyn,0,333434,FFFFFF,3_metro_tram
aus:vic:vic-03-5:,,5,Malvern (Burke Road) - Melbourne University,0,D50032,FFFFFF,3_metro_tram
aus:vic:vic-03-57:,,57,"Flinders Street Station, City - West Maribyrnong",0,00C1D5,000000,3_metro_tram
aus:vic:vic-03-58:,,58,Toorak - West Coburg,0,969696,FFFFFF,3_metro_tram
aus:vic:vic-03-59:,,59,"Flinders Street Station, City - Airport West",0,00653A,FFFFFF,3_metro_tram
aus:vic:vic-03-6:,,6,Glen Iris - Moreland,0,01426A,FFFFFF,3_metro_tram
aus:vic:vic-03-64:,,64,East Brighton - Melbourne University,0,00AB8E,FFFFFF,3_metro_tram
aus:vic:vic-03-67:,,67,Carnegie - Melbourne University,0,956C58,FFFFFF,3_metro_tram
aus:vic:vic-03-70:,,70,Waterfront City Docklands - Wattle Park,0,F59BBB,000000,3_metro_tram
aus:vic:vic-03-72:,,72,Camberwell - Melbourne University,0,9ABEAA,000000,3_metro_tram
aus:vic:vic-03-75:,,75,Central Pier Docklands - Vermont South,0,00A9E0,000000,3_metro_tram
aus:vic:vic-03-78:,,78,Balaclava via Prahran - North Richmond,0,A0A0D6,000000,3_metro_tram
aus:vic:vic-03-82:,,82,Moonee Ponds - Footscray,0,D2D755,000000,3_metro_tram
aus:vic:vic-03-86:,,86,Waterfront City Docklands - Bundoora RMIT,0,FFB500,000000,3_metro_tram
aus:vic:vic-03-96:,,96,St Kilda Beach - East Brunswick,0,C6007E,FFFFFF,3_metro_tram
14-200-aus-1,,200,Bulleen - City (Queen St),3,FF8200,FFFFFF,4_metro_bus
14-207-aus-1,,207,Doncaster SC - City (Queen St),3,FF8200,FFFFFF,4_metro_bus
14-270-aus-1,,270,Mitcham - Box Hill,3,FF8200,FFFFFF,4_metro_bus
14-271-aus-1,,271,Ringwood - Box Hill Station,3,FF8200,FFFFFF,4_metro_bus
14-273-aus-1,,273,The Pines SC - Nunawading Station,3,FF8200,FFFFFF,4_metro_bus
14-279-aus-1,,279,Doncaster SC/Templestowe - Box Hill Station,3,FF8200,FFFFFF,4_metro_bus
14-280-aus-1,,280,The Pines SC,3,FF8200,FFFFFF,4_metro_bus
14-281-aus-1,,281,Box Hill Station - Templestowe,3,FF8200,FFFFFF,4_metro_bus
14-282-aus-1,,282,The Pines SC,3,FF8200,FFFFFF,4_metro_bus
14-284-aus-1,,284,Doncaster Park & Ride - Box Hill Station,3,FF8200,FFFFFF,4_metro_bus
14-285-aus-1,,285,Camberwell SC - Doncaster Park & Ride,3,FF8200,FFFFFF,4_metro_bus
14-293-aus-1,,293,Greensborough - Box Hill Station,3,FF8200,FFFFFF,4_metro_bus
14-295-aus-1,,295,The Pines SC - Doncaster SC,3,FF8200,FFFFFF,4_metro_bus
14-302-aus-1,,302,Box Hill Station - City (King/Lonsdale St),3,FF8200,FFFFFF,4_metro_bus
14-303-aus-1,,303,Ringwood North - City (Queen St),3,FF8200,FFFFFF,4_metro_bus
14-304-aus-1,,304,Doncaster SC - City (King/Lonsdale St),3,FF8200,FFFFFF,4_metro_bus
14-305-aus-1,,305,The Pines SC - City (King/Lonsdale Sts),3,FF8200,FFFFFF,4_metro_bus
14-309-aus-1,,309,The Pines SC - City (Queen St),3,FF8200,FFFFFF,4_metro_bus
14-318-aus-1,,318,Deep Creek - City (King/Lonsdale Sts),3,FF8200,FFFFFF,4_metro_bus
14-364-aus-1,,364,Warrandyte - Ringwood Station,3,FF8200,FFFFFF,4_metro_bus
14-370-aus-1,,370,Ringwood Station - Mitcham Station,3,FF8200,FFFFFF,4_metro_bus
14-668-aus-1,,668,Croydon Station - Ringwood Station,3,FF8200,FFFFFF,4_metro_bus
14-669-aus-1,,669,Croydon Station - Ringwood Station,3,FF8200,FFFFFF,4_metro_bus
14-901-aus-1,,901,Frankston - Melbourne Airport,3,FF8200,FFFFFF,4_metro_bus
14-903-aus-1,,903,Mordialloc - Altona,3,FF8200,FFFFFF,4_metro_bus
14-905-aus-1,,905,The Pines SC - City (King/Lonsdale Sts),3,FF8200,FFFFFF,4_metro_bus
14-906-aus-1,,906,Warrandyte - City (King/Lonsdale Sts),3,FF8200,FFFFFF,4_metro_bus
14-907-aus-1,,907,Mitcham - City (King/Lonsdale Sts),3,FF8200,FFFFFF,4_metro_bus
14-908-aus-1,,908,The Pines SC - City (King/Lonsdale Sts),3,FF8200,FFFFFF,4_metro_bus
17-200-aus-1,,200,Bulleen - City (Queen St),3,FF8200,FFFFFF,4_metro_bus
17-202-aus-1,,202,Yarra Bend - Melbourne University,3,FF8200,FFFFFF,4_metro_bus
17-207-aus-1,,207,Doncaster SC - City (Queen St),3,FF8200,FFFFFF,4_metro_bus
17-234-aus-1,,234,Garden City - City (Queen Victoria Market),3,FF8200,FFFFFF,4_metro_bus
17-235-aus-1,,235,Fishermans Bend - City (Southern Cross Station),3,FF8200,FFFFFF,4_metro_bus
17-236-aus-1,,236,Garden City - City (Queen Victoria Market),3,FF8200,FFFFFF,4_metro_bus
17-237-aus-1,,237,Fishermans Bend - City (Southern Cross Station),3,FF8200,FFFFFF,4_metro_bus
17-246-aus-1,,246,Elsternwick - Clifton Hill,3,FF8200,FFFFFF,4_metro_bus
17-250-aus-1,,250,La Trobe University - City (Queen St),3,FF8200,FFFFFF,4_metro_bus
17-251-aus-1,,251,Northland SC - City (Queen St),3,FF8200,FFFFFF,4_metro_bus
17-270-aus-1,,270,Mitcham - Box Hill,3,FF8200,FFFFFF,4_metro_bus
17-279-aus-1,,279,Doncaster SC/Templestowe - Box Hill Station,3,FF8200,FFFFFF,4_metro_bus
17-284-aus-1,,284,Doncaster Park & Ride - Box Hill Station,3,FF8200,FFFFFF,4_metro_bus
17-285-aus-1,,285,Camberwell SC - Doncaster Park & Ride,3,FF8200,FFFFFF,4_metro_bus
17-293-aus-1,,293,Greensborough - Box Hill Station,3,FF8200,FFFFFF,4_metro_bus
17-302-aus-1,,302,Box Hill Station - City (King/Lonsdale St),3,FF8200,FFFFFF,4_metro_bus
17-304-aus-1,,304,Doncaster SC - City (King/Lonsdale St),3,FF8200,FFFFFF,4_metro_bus
17-305-aus-1,,305,The Pines SC - City (King/Lonsdale Sts),3,FF8200,FFFFFF,4_metro_bus
17-309-aus-1,,309,The Pines SC - City (Queen St),3,FF8200,FFFFFF,4_metro_bus
17-350-aus-1,,350,La Trobe University - City (Queen St),3,FF8200,FFFFFF,4_metro_bus
17-510-aus-1,,510,Ivanhoe Station - Essendon Station,3,FF8200,FFFFFF,4_metro_bus
17-512-aus-1,,512,East Coburg - Strathmore Station,3,FF8200,FFFFFF,4_metro_bus
17-903-aus-1,,903,Mordialloc - Altona,3,FF8200,FFFFFF,4_metro_bus
17-905-aus-1,,905,The Pines SC - City (King/Lonsdale Sts),3,FF8200,FFFFFF,4_metro_bus
17-906-aus-1,,906,Warrandyte - City (King/Lonsdale Sts),3,FF8200,FFFFFF,4_metro_bus
17-907-aus-1,,907,Mitcham - City (King/Lonsdale Sts),3,FF8200,FFFFFF,4_metro_bus
17-908-aus-1,,908,The Pines SC - City (King/Lonsdale Sts),3,FF8200,FFFFFF,4_metro_bus
18-901-aus-1,,901,Frankston - Melbourne Airport,3,FF8200,FFFFFF,4_metro_bus
18-902-aus-1,,902,Chelsea Railway Station - Airport West SC,3,FF8200,FFFFFF,4_metro_bus
18-903-aus-1,,903,Mordialloc - Altona,3,FF8200,FFFFFF,4_metro_bus
19-663-aus-1,,663,Belgrave - Lilydale,3,FF8200,FFFFFF,4_metro_bus
19-664-aus-1,,664,Chirnside Park SC - Knox City SC,3,FF8200,FFFFFF,4_metro_bus
19-670-aus-1,,670,Lilydale - Ringwood,3,FF8200,FFFFFF,4_metro_bus
19-671-aus-1,,671,Chirnside Park SC - Croydon,3,FF8200,FFFFFF,4_metro_bus
19-672-aus-1,,672,Chirnside Park SC - Croydon,3,FF8200,FFFFFF,4_metro_bus
19-675-aus-1,,675,Belgrave - Lilydale,3,FF8200,FFFFFF,4_metro_bus
19-677-aus-1,,677,Chirnside Park SC - Lilydale,3,FF8200,FFFFFF,4_metro_bus
19-679-aus-1,,679,Chirnside Park SC - Ringwood,3,FF8200,FFFFFF,4_metro_bus
19-680-aus-1,,680,Belgrave - Lilydale,3,FF8200,FFFFFF,4_metro_bus
19-681-aus-1,,681,Belgrave - Lilydale,3,FF8200,FFFFFF,4_metro_bus
19-688-aus-1,,688,Upper Ferntree Gully - Croydon,3,FF8200,FFFFFF,4_metro_bus
19-689-aus-1,,689,Montrose - Croydon Station,3,FF8200,FFFFFF,4_metro_bus
19-690-aus-1,,690,Boronia - Croydon,3,FF8200,FFFFFF,4_metro_bus
19-691-aus-1,,691,Boronia - Croydon,3,FF8200,FFFFFF,4_metro_bus
19-693-aus-1,,693,Belgrave - Oakleigh,3,FF8200,FFFFFF,4_metro_bus
19-695-aus-1,,695,Gembrook - Belgrave,3,FF8200,FFFFFF,4_metro_bus
19-696-aus-1,,696,Olinda - Monbulk,3,FF8200,FFFFFF,4_metro_bus
19-697-aus-1,,697,Gembrook - Belgrave,3,FF8200,FFFFFF,4_metro_bus
19-699-aus-1,,699,Gembrook - Belgrave,3,FF8200,FFFFFF,4_metro_bus
19-732-aus-1,,732,Upper Ferntree Gully - Box Hill Station,3,FF8200,FFFFFF,4_metro_bus
19-734-aus-1,,734,Glen Waverley - Glen Iris,3,FF8200,FFFFFF,4_metro_bus
19-735-aus-1,,735,Belgrave - Lilydale,3,FF8200,FFFFFF,4_metro_bus
19-736-aus-1,,736,Belgrave - Lilydale,3,FF8200,FFFFFF,4_metro_bus
19-737-aus-1,,737,Belgrave - Lilydale,3,FF8200,FFFFFF,4_metro_bus
19-738-aus-1,,738,Noble Park Station - Mordialloc,3,FF8200,FFFFFF,4_metro_bus
19-740-aus-1,,740,Vermont East - Mitcham,3,FF8200,FFFFFF,4_metro_bus
19-742-aus-1,,742,Gembrook - Belgrave,3,FF8200,FFFFFF,4_metro_bus
19-753-aus-1,,753,Box Hill - Oakleigh,3,FF8200,FFFFFF,4_metro_bus
19-754-aus-1,,754,Chirnside Park SC - Knox City SC,3,FF8200,FFFFFF,4_metro_bus
19-755-aus-1,,755,Belgrave - Lilydale,3,FF8200,FFFFFF,4_metro_bus
19-765-aus-1,,765,Chirnside Park SC - Lilydale,3,FF8200,FFFFFF,4_metro_bus
20-701-aus-1,,701,Bentleigh - Oakleigh,3,FF8200,FFFFFF,4_metro_bus
20-703-aus-1,,703,Blackburn - Middle Brighton,3,FF8200,FFFFFF,4_metro_bus
20-704-aus-1,,704,Westall Station - Oakleigh Station,3,FF8200,FFFFFF,4_metro_bus
20-706-aus-1,,706,Chelsea Railway Station - Mordialloc Shopping Centre,3,FF8200,FFFFFF,4_metro_bus
20-733-aus-1,,733,Box Hill - Oakleigh,3,FF8200,FFFFFF,4_metro_bus
20-766-aus-1,,766,Box Hill Station - Burwood,3,FF8200,FFFFFF,4_metro_bus
20-767-aus-1,,767,Box Hill Station - Southland SC,3,FF8200,FFFFFF,4_metro_bus
20-900-aus-1,,900,Stud Park SC (Rowville) - Caulfield,3,FF8200,FFFFFF,4_metro_bus
21-201-aus-1,,201,Box Hill Station - Deakin University,3,FF8200,FFFFFF,4_metro_bus
21-663-aus-1,,663,Belgrave - Lilydale,3,FF8200,FFFFFF,4_metro_bus
21-664-aus-1,,664,Chirnside Park SC - Knox City SC,3,FF8200,FFFFFF,4_metro_bus
21-670-aus-1,,670,Lilydale - Ringwood,3,FF8200,FFFFFF,4_metro_bus
21-671-aus-1,,671,Chirnside Park SC - Croydon,3,FF8200,FFFFFF,4_metro_bus
21-672-aus-1,,672,Chirnside Park SC - Croydon,3,FF8200,FFFFFF,4_metro_bus
21-675-aus-1,,675,Belgrave - Lilydale,3,FF8200,FFFFFF,4_metro_bus
21-677-aus-1,,677,Chirnside Park SC - Lilydale,3,FF8200,FFFFFF,4_metro_bus
21-679-aus-1,,679,Chirnside Park SC - Ringwood,3,FF8200,FFFFFF,4_metro_bus
21-680-aus-1,,680,Belgrave - Lilydale,3,FF8200,FFFFFF,4_metro_bus
21-681-aus-1,,681,Belgrave - Lilydale,3,FF8200,FFFFFF,4_metro_bus
21-682-aus-1,,682,Carrum Station - Hampton Station,3,FF8200,FFFFFF,4_metro_bus
21-688-aus-1,,688,Upper Ferntree Gully - Croydon,3,FF8200,FFFFFF,4_metro_bus
21-689-aus-1,,689,Montrose - Croydon Station,3,FF8200,FFFFFF,4_metro_bus
21-690-aus-1,,690,Boronia - Croydon,3,FF8200,FFFFFF,4_metro_bus
21-691-aus-1,,691,Boronia - Croydon,3,FF8200,FFFFFF,4_metro_bus
21-693-aus-1,,693,Belgrave - Oakleigh,3,FF8200,FFFFFF,4_metro_bus
21-694-aus-1,,694,Mount Dandenong - Belgrave,3,FF8200,FFFFFF,4_metro_bus
21-695-aus-1,,695,Gembrook - Belgrave,3,FF8200,FFFFFF,4_metro_bus
21-695-F-aus-1,,695F,Gembrook - Belgrave,3,FF8200,FFFFFF,4_metro_bus
21-697-aus-1,,697,Gembrook - Belgrave,3,FF8200,FFFFFF,4_metro_bus
21-699-aus-1,,699,Gembrook - Belgrave,3,FF8200,FFFFFF,4_metro_bus
21-732-aus-1,,732,Upper Ferntree Gully - Box Hill Station,3,FF8200,FFFFFF,4_metro_bus
21-734-aus-1,,734,Glen Waverley - Glen Iris,3,FF8200,FFFFFF,4_metro_bus
21-735-aus-1,,735,Belgrave - Lilydale,3,FF8200,FFFFFF,4_metro_bus
21-736-aus-1,,736,Belgrave - Lilydale,3,FF8200,FFFFFF,4_metro_bus
21-737-aus-1,,737,Belgrave - Lilydale,3,FF8200,FFFFFF,4_metro_bus
21-738-aus-1,,738,Noble Park Station - Mordialloc,3,FF8200,FFFFFF,4_metro_bus
21-740-aus-1,,740,Vermont East - Mitcham,3,FF8200,FFFFFF,4_metro_bus
21-742-aus-1,,742,Gembrook - Belgrave,3,FF8200,FFFFFF,4_metro_bus
21-745-aus-1,,745,Wantirna /  Boronia - Bayswater,3,FF8200,FFFFFF,4_metro_bus
21-753-aus-1,,753,Box Hill - Oakleigh,3,FF8200,FFFFFF,4_metro_bus
21-754-aus-1,,754,Chirnside Park SC - Knox City SC,3,FF8200,FFFFFF,4_metro_bus
21-755-aus-1,,755,Belgrave - Lilydale,3,FF8200,FFFFFF,4_metro_bus
21-757-aus-1,,757,Scoresby - Knox City SC,3,FF8200,FFFFFF,4_metro_bus
21-758-aus-1,,758,Knoxfield - Knox City SC,3,FF8200,FFFFFF,4_metro_bus
21-765-aus-1,,765,Chirnside Park SC - Lilydale,3,FF8200,FFFFFF,4_metro_bus
21-967-aus-1,,967,Croydon Station - Glen Waverley Station,3,FF8200,FFFFFF,4_metro_bus
22-663-aus-1,,663,Belgrave - Lilydale,3,FF8200,FFFFFF,4_metro_bus
22-664-aus-1,,664,Chirnside Park SC - Knox City SC,3,FF8200,FFFFFF,4_metro_bus
22-670-aus-1,,670,Lilydale - Ringwood,3,FF8200,FFFFFF,4_metro_bus
22-675-aus-1,,675,Belgrave - Lilydale,3,FF8200,FFFFFF,4_metro_bus
22-688-aus-1,,688,Upper Ferntree Gully - Croydon,3,FF8200,FFFFFF,4_metro_bus
22-693-aus-1,,693,Belgrave - Oakleigh,3,FF8200,FFFFFF,4_metro_bus
22-694-aus-1,,694,Mount Dandenong - Belgrave,3,FF8200,FFFFFF,4_metro_bus
22-695-aus-1,,695,Gembrook - Belgrave,3,FF8200,FFFFFF,4_metro_bus
22-695-F-aus-1,,695F,Gembrook - Belgrave,3,FF8200,FFFFFF,4_metro_bus
22-696-aus-1,,696,Gembrook - Belgrave,3,FF8200,FFFFFF,4_metro_bus
22-697-aus-1,,697,Gembrook - Belgrave,3,FF8200,FFFFFF,4_metro_bus
22-699-aus-1,,699,Gembrook - Belgrave,3,FF8200,FFFFFF,4_metro_bus
22-732-aus-1,,732,Upper Ferntree Gully - Box Hill Station,3,FF8200,FFFFFF,4_metro_bus
22-742-aus-1,,742,Gembrook - Belgrave,3,FF8200,FFFFFF,4_metro_bus
22-753-aus-1,,753,Box Hill - Oakleigh,3,FF8200,FFFFFF,4_metro_bus
22-754-aus-1,,754,Chirnside Park SC - Knox City SC,3,FF8200,FFFFFF,4_metro_bus
23-526-aus-1,,526,Reservoir - Coburg,3,FF8200,FFFFFF,4_metro_bus
23-527-aus-1,,527,Gowrie - Northland SC,3,FF8200,FFFFFF,4_metro_bus
23-548-aus-1,,548,Kew - La Trobe University,3,FF8200,FFFFFF,4_metro_bus
23-549-aus-1,,549,Ivanhoe - Northland SC,3,FF8200,FFFFFF,4_metro_bus
23-550-aus-1,,550,Northland SC - La Trobe University,3,FF8200,FFFFFF,4_metro_bus
23-551-aus-1,,551,Heidelberg - La Trobe University,3,FF8200,FFFFFF,4_metro_bus
23-951-aus-1,,951,Glenroy Station - Brunswick Station,3,FF8200,FFFFFF,4_metro_bus
23-953-aus-1,,953,Craigieburn - Broadmeadows Station,3,FF8200,FFFFFF,4_metro_bus
23-959-aus-1,,959,Broadmeadows Station - City (Queen St),3,FF8200,FFFFFF,4_metro_bus
24-475-aus-1,,475,Sunbury Station - Diggers Rest Station,3,FF8200,FFFFFF,4_metro_bus
24-481-aus-1,,481,Mount Lion - Sunbury Station,3,FF8200,FFFFFF,4_metro_bus
24-483-aus-1,,483,Moonee Ponds - Sunbury,3,FF8200,FFFFFF,4_metro_bus
24-485-aus-1,,485,Wilsons Lane - Sunbury Station,3,FF8200,FFFFFF,4_metro_bus
24-486-aus-1,,486,Rolling Meadows - Sunbury Station,3,FF8200,FFFFFF,4_metro_bus
24-487-aus-1,,487,Killara Heights - Sunbury Station,3,FF8200,FFFFFF,4_metro_bus
24-488-aus-1,,488,Jacksons Hill - Sunbury Station,3,FF8200,FFFFFF,4_metro_bus
24-489-aus-1,,489,Canterbury Hills - Sunbury Station,3,FF8200,FFFFFF,4_metro_bus
26-627-aus-1,,627,Moorabbin Station - Chadstone SC,3,FF8200,FFFFFF,4_metro_bus
26-631-aus-1,,631,Waverley Gardens SC - Southland SC,3,FF8200,FFFFFF,4_metro_bus
26-705-aus-1,,705,Springvale - Mordialloc,3,FF8200,FFFFFF,4_metro_bus
26-708-aus-1,,708,Carrum Station - Hampton Station,3,FF8200,FFFFFF,4_metro_bus
26-709-aus-1,,709,Noble Park Station - Mordialloc,3,FF8200,FFFFFF,4_metro_bus
26-800-aus-1,,800,Chadstone SC - Dandenong,3,FF8200,FFFFFF,4_metro_bus
26-802-aus-1,,802,Chadstone SC - Dandenong,3,FF8200,FFFFFF,4_metro_bus
26-804-aus-1,,804,Chadstone SC - Dandenong,3,FF8200,FFFFFF,4_metro_bus
26-811-aus-1,,811,Brighton - Dandenong,3,FF8200,FFFFFF,4_metro_bus
26-812-aus-1,,812,Brighton - Dandenong,3,FF8200,FFFFFF,4_metro_bus
26-813-aus-1,,813,Waverley Gardens SC - Dandenong,3,FF8200,FFFFFF,4_metro_bus
26-816-aus-1,,816,Noble Park Station - Keysborough South,3,FF8200,FFFFFF,4_metro_bus
26-822-aus-1,,822,Sandringham - Chadstone SC,3,FF8200,FFFFFF,4_metro_bus
26-823-aus-1,,823,Southland SC - North Brighton,3,FF8200,FFFFFF,4_metro_bus
26-824-aus-1,,824,Keysborough - Moorabbin,3,FF8200,FFFFFF,4_metro_bus
26-825-aus-1,,825,Southland SC - Moorabbin,3,FF8200,FFFFFF,4_metro_bus
26-828-aus-1,,828,Berwick Station - Hampton Station,3,FF8200,FFFFFF,4_metro_bus
26-843-aus-1,,843,Endeavour Hills - Dandenong Station,3,FF8200,FFFFFF,4_metro_bus
26-844-aus-1,,844,Doveton - Dandenong,3,FF8200,FFFFFF,4_metro_bus
26-845-aus-1,,845,Endeavour Hills - Dandenong Station,3,FF8200,FFFFFF,4_metro_bus
26-848-aus-1,,848,Brandon Park SC - Dandenong,3,FF8200,FFFFFF,4_metro_bus
26-850-aus-1,,850,Glen Waverley - Dandenong,3,FF8200,FFFFFF,4_metro_bus
26-857-aus-1,,857,Chelsea Station - Dandenong Station,3,FF8200,FFFFFF,4_metro_bus
26-858-aus-1,,858,Aspendale Gardens - Edithvale Railway Station,3,FF8200,FFFFFF,4_metro_bus
26-861-aus-1,,861,Endeavour Hills - Dandenong Station,3,FF8200,FFFFFF,4_metro_bus
26-862-aus-1,,862,Chadstone SC - Dandenong,3,FF8200,FFFFFF,4_metro_bus
26-863-aus-1,,863,Cranbourne West - Endeavour Hills SC,3,FF8200,FFFFFF,4_metro_bus
26-885-aus-1,,885,Springvale - Glen Waverley,3,FF8200,FFFFFF,4_metro_bus
27-786-aus-1,,786,St Andrews Beach - Rye,3,FF8200,FFFFFF,4_metro_bus
27-787-aus-1,,787,Sorrento - Rosebud,3,FF8200,FFFFFF,4_metro_bus
27-788-aus-1,,788,Portsea - Frankston,3,FF8200,FFFFFF,4_metro_bus
27-887-aus-1,,887,Rosebud - Frankston,3,FF8200,FFFFFF,4_metro_bus
28-760-aus-1,,760,Cranbourne Station - Seaford Station,3,FF8200,FFFFFF,4_metro_bus
28-770-aus-1,,770,Karingal - Frankston,3,FF8200,FFFFFF,4_metro_bus
28-771-aus-1,,771,Langwarrin - Frankston,3,FF8200,FFFFFF,4_metro_bus
28-772-aus-1,,772,Eliza Heights - Frankston,3,FF8200,FFFFFF,4_metro_bus
28-773-aus-1,,773,Frankston South - Frankston,3,FF8200,FFFFFF,4_metro_bus
28-774-aus-1,,774,Delacombe Park - Frankston,3,FF8200,FFFFFF,4_metro_bus
28-775-aus-1,,775,Lakewood - Frankston,3,FF8200,FFFFFF,4_metro_bus
28-776-aus-1,,776,Pearcedale - Frankston,3,FF8200,FFFFFF,4_metro_bus
28-777-aus-1,,777,McClelland Drive - Karingal  SC,3,FF8200,FFFFFF,4_metro_bus
28-778-aus-1,,778,Carrum Downs - Kananook Station,3,FF8200,FFFFFF,4_metro_bus
28-779-aus-1,,779,Belvedere - Frankston,3,FF8200,FFFFFF,4_metro_bus
28-780-aus-1,,780,Carrum Station - Frankston Station,3,FF8200,FFFFFF,4_metro_bus
28-781-aus-1,,781,Dromana - Frankston,3,FF8200,FFFFFF,4_metro_bus
28-782-aus-1,,782,Flinders - Frankston,3,FF8200,FFFFFF,4_metro_bus
28-783-aus-1,,783,Hastings - Frankston,3,FF8200,FFFFFF,4_metro_bus
28-784-aus-1,,784,Osborne - Frankston,3,FF8200,FFFFFF,4_metro_bus
28-785-aus-1,,785,Mornington East - Frankston,3,FF8200,FFFFFF,4_metro_bus
28-832-aus-1,,832,Carrum Downs - Frankston,3,FF8200,FFFFFF,4_metro_bus
28-833-aus-1,,833,Carrum Station - Frankston Station,3,FF8200,FFFFFF,4_metro_bus
29-663-aus-1,,663,Belgrave - Lilydale,3,FF8200,FFFFFF,4_metro_bus
29-664-aus-1,,664,Chirnside Park SC - Knox City SC,3,FF8200,FFFFFF,4_metro_bus
29-670-aus-1,,670,Lilydale - Ringwood,3,FF8200,FFFFFF,4_metro_bus
29-671-aus-1,,671,Chirnside Park SC - Croydon,3,FF8200,FFFFFF,4_metro_bus
29-672-aus-1,,672,Chirnside Park SC - Croydon,3,FF8200,FFFFFF,4_metro_bus
29-675-aus-1,,675,Belgrave - Lilydale,3,FF8200,FFFFFF,4_metro_bus
29-677-aus-1,,677,Chirnside Park SC - Lilydale,3,FF8200,FFFFFF,4_metro_bus
29-679-aus-1,,679,Chirnside Park SC - Ringwood,3,FF8200,FFFFFF,4_metro_bus
29-680-aus-1,,680,Belgrave - Lilydale,3,FF8200,FFFFFF,4_metro_bus
29-681-aus-1,,681,Belgrave - Lilydale,3,FF8200,FFFFFF,4_metro_bus
29-682-aus-1,,682,Carrum Station - Hampton Station,3,FF8200,FFFFFF,4_metro_bus
29-688-aus-1,,688,Upper Ferntree Gully - Croydon,3,FF8200,FFFFFF,4_metro_bus
29-689-aus-1,,689,Montrose - Croydon Station,3,FF8200,FFFFFF,4_metro_bus
29-690-aus-1,,690,Boronia - Croydon,3,FF8200,FFFFFF,4_metro_bus
29-693-aus-1,,693,Belgrave - Oakleigh,3,FF8200,FFFFFF,4_metro_bus
29-694-aus-1,,694,Mount Dandenong - Belgrave,3,FF8200,FFFFFF,4_metro_bus
29-695-aus-1,,695,Gembrook - Belgrave,3,FF8200,FFFFFF,4_metro_bus
29-695-F-aus-1,,695F,Gembrook - Belgrave,3,FF8200,FFFFFF,4_metro_bus
29-697-aus-1,,697,Gembrook - Belgrave,3,FF8200,FFFFFF,4_metro_bus
29-699-aus-1,,699,Gembrook - Belgrave,3,FF8200,FFFFFF,4_metro_bus
29-732-aus-1,,732,Belgrave - Lilydale,3,FF8200,FFFFFF,4_metro_bus
29-735-aus-1,,735,Belgrave - Lilydale,3,FF8200,FFFFFF,4_metro_bus
29-736-aus-1,,736,Belgrave - Lilydale,3,FF8200,FFFFFF,4_metro_bus
29-737-aus-1,,737,Belgrave - Lilydale,3,FF8200,FFFFFF,4_metro_bus
29-738-aus-1,,738,Noble Park Station - Mordialloc,3,FF8200,FFFFFF,4_metro_bus
29-740-aus-1,,740,Vermont East - Mitcham,3,FF8200,FFFFFF,4_metro_bus
29-742-aus-1,,742,Gembrook - Belgrave,3,FF8200,FFFFFF,4_metro_bus
29-753-aus-1,,753,Box Hill - Oakleigh,3,FF8200,FFFFFF,4_metro_bus
29-754-aus-1,,754,Chirnside Park SC - Knox City SC,3,FF8200,FFFFFF,4_metro_bus
29-755-aus-1,,755,Belgrave - Lilydale,3,FF8200,FFFFFF,4_metro_bus
29-765-aus-1,,765,Chirnside Park SC - Lilydale,3,FF8200,FFFFFF,4_metro_bus
32-600-aus-1,,600,Southland SC - St Kilda Station,3,FF8200,FFFFFF,4_metro_bus
32-603-aus-1,,603,Brighton Beach - Burnley Station,3,FF8200,FFFFFF,4_metro_bus
32-604-aus-1,,604,Elsternwick Station - Anzac Station,3,FF8200,FFFFFF,4_metro_bus
32-922-aus-1,,922,Southland SC - St Kilda Station,3,FF8200,FFFFFF,4_metro_bus
32-923-aus-1,,923,Southland SC - St Kilda Station,3,FF8200,FFFFFF,4_metro_bus
33-200-aus-1,,200,Bulleen - City (Queen St),3,FF8200,FFFFFF,4_metro_bus
33-207-aus-1,,207,Doncaster SC - City (Queen St),3,FF8200,FFFFFF,4_metro_bus
33-250-aus-1,,250,La Trobe University - City (Queen St),3,FF8200,FFFFFF,4_metro_bus
33-251-aus-1,,251,Northland SC - City (Queen St),3,FF8200,FFFFFF,4_metro_bus
33-350-aus-1,,350,La Trobe University - City (Queen St),3,FF8200,FFFFFF,4_metro_bus
33-901-aus-1,,901,Frankston - Melbourne Airport,3,FF8200,FFFFFF,4_metro_bus
33-902-aus-1,,902,Chelsea Railway Station - Airport West SC,3,FF8200,FFFFFF,4_metro_bus
35-215-aus-1,,215,Caroline Springs - Highpoint SC,3,FF8200,FFFFFF,4_metro_bus
35-216-aus-1,,216,Sunshine Station - City (Queen St),3,FF8200,FFFFFF,4_metro_bus
35-220-aus-1,,220,Sunshine Station - City (Queen St),3,FF8200,FFFFFF,4_metro_bus
35-223-aus-1,,223,Yarraville - Highpoint SC,3,FF8200,FFFFFF,4_metro_bus
35-232-aus-1,,232,Altona North - City (Queen Victoria Market),3,FF8200,FFFFFF,4_metro_bus
35-234-aus-1,,234,Garden City - City (Queen Victoria Market),3,FF8200,FFFFFF,4_metro_bus
35-235-aus-1,,235,Fishermans Bend - City (Southern Cross Station),3,FF8200,FFFFFF,4_metro_bus
35-236-aus-1,,236,Garden City - City (Queen Victoria Market),3,FF8200,FFFFFF,4_metro_bus
35-237-aus-1,,237,Fishermans Bend - City (Southern Cross Station),3,FF8200,FFFFFF,4_metro_bus
35-426-aus-1,,426,Caroline Springs - Sunshine Station,3,FF8200,FFFFFF,4_metro_bus
35-429-aus-1,,429,Sunshine Station,3,FF8200,FFFFFF,4_metro_bus
35-903-aus-1,,903,Mordialloc - Altona,3,FF8200,FFFFFF,4_metro_bus
36-420-aus-1,,420,Watergardens Station - Sunshine Station,3,FF8200,FFFFFF,4_metro_bus
36-444-aus-1,,444,Aintree - Rockbank Station,3,FF8200,FFFFFF,4_metro_bus
36-453-aus-1,,453,Melton - Melton Station,3,FF8200,FFFFFF,4_metro_bus
36-454-aus-1,,454,Cobblebank Station - Melton Station,3,FF8200,FFFFFF,4_metro_bus
36-455-aus-1,,455,Micasa Rise - Melton Station,3,FF8200,FFFFFF,4_metro_bus
36-456-aus-1,,456,Sunshine Station - Melton,3,FF8200,FFFFFF,4_metro_bus
36-457-aus-1,,457,Melton - Melton Station,3,FF8200,FFFFFF,4_metro_bus
36-458-aus-1,,458,Kurunjang - Melton Station,3,FF8200,FFFFFF,4_metro_bus
36-459-aus-1,,459,Arnolds Creek - Melton Station,3,FF8200,FFFFFF,4_metro_bus
36-941-aus-1,,941,Watergardens Station - Sunshine Station,3,FF8200,FFFFFF,4_metro_bus
36-943-aus-1,,943,Melton - Watergardens Station,3,FF8200,FFFFFF,4_metro_bus
37-503-aus-1,,503,Essendon - East Brunswick,3,FF8200,FFFFFF,4_metro_bus
37-504-aus-1,,504,Clifton Hill - Moonee Ponds,3,FF8200,FFFFFF,4_metro_bus
37-505-aus-1,,505,Melbourne University - Moonee Ponds,3,FF8200,FFFFFF,4_metro_bus
37-506-aus-1,,506,Moonee Ponds - Westgarth,3,FF8200,FFFFFF,4_metro_bus
37-508-aus-1,,508,Alphington - Moonee Ponds,3,FF8200,FFFFFF,4_metro_bus
37-509-aus-1,,509,Brunswick West - Barkly Square SC,3,FF8200,FFFFFF,4_metro_bus
37-546-aus-1,,546,Melbourne University - Heidelberg Station,3,FF8200,FFFFFF,4_metro_bus
37-552-aus-1,,552,North East Reservoir - Northcote Plaza,3,FF8200,FFFFFF,4_metro_bus
37-553-aus-1,,553,West Preston - Preston,3,FF8200,FFFFFF,4_metro_bus
37-558-aus-1,,558,Reservoir (clockwise) - Reservoir (anti-clockwise),3,FF8200,FFFFFF,4_metro_bus
37-567-aus-1,,567,Northcote - Regent,3,FF8200,FFFFFF,4_metro_bus
37-609-aus-1,,609,Kew/Hawthorn - Fairfield,3,FF8200,FFFFFF,4_metro_bus
38-418-aus-1,,418,Caroline Springs - St Albans Station,3,FF8200,FFFFFF,4_metro_bus
38-419-aus-1,,419,Watergardens Station - St Albans Station,3,FF8200,FFFFFF,4_metro_bus
38-421-aus-1,,421,St Albans Station - Watergardens Station,3,FF8200,FFFFFF,4_metro_bus
38-423-aus-1,,423,Brimbank Central SC - St Albans Station,3,FF8200,FFFFFF,4_metro_bus
38-424-aus-1,,424,Brimbank Central SC - St Albans Station,3,FF8200,FFFFFF,4_metro_bus
38-425-aus-1,,425,Watergardens Station - St Albans Station,3,FF8200,FFFFFF,4_metro_bus
38-460-aus-1,,460,Caroline Springs Station - Watergardens Station,3,FF8200,FFFFFF,4_metro_bus
38-461-aus-1,,461,Caroline Springs Town Centre - Watergardens Station,3,FF8200,FFFFFF,4_metro_bus
38-462-aus-1,,462,Caroline Springs Station - Watergardens Station,3,FF8200,FFFFFF,4_metro_bus
38-463-aus-1,,463,Hillside - Watergardens Station,3,FF8200,FFFFFF,4_metro_bus
38-465-aus-1,,465,Keilor Park - Essendon Station,3,FF8200,FFFFFF,4_metro_bus
38-467-aus-1,,467,Aberfeldie - Moonee Ponds Station,3,FF8200,FFFFFF,4_metro_bus
38-468-aus-1,,468,Highpoint SC - Essendon,3,FF8200,FFFFFF,4_metro_bus
38-469-aus-1,,469,Keilor East - Moonee Ponds,3,FF8200,FFFFFF,4_metro_bus
38-476-aus-1,,476,Watergardens - Moonee Ponds,3,FF8200,FFFFFF,4_metro_bus
40-683-aus-1,,683,Warburton - Chirnside Park SC,3,FF8200,FFFFFF,4_metro_bus
41-627-aus-1,,627,Moorabbin Station - Chadstone SC,3,FF8200,FFFFFF,4_metro_bus
41-631-aus-1,,631,Waverley Gardens SC - Southland SC,3,FF8200,FFFFFF,4_metro_bus
41-705-aus-1,,705,Springvale - Mordialloc,3,FF8200,FFFFFF,4_metro_bus
41-708-aus-1,,708,Carrum Station - Hampton Station,3,FF8200,FFFFFF,4_metro_bus
41-709-aus-1,,709,Noble Park Station - Mordialloc,3,FF8200,FFFFFF,4_metro_bus
41-800-aus-1,,800,Chadstone SC - Dandenong,3,FF8200,FFFFFF,4_metro_bus
41-802-aus-1,,802,Chadstone SC - Dandenong,3,FF8200,FFFFFF,4_metro_bus
41-804-aus-1,,804,Chadstone SC - Dandenong,3,FF8200,FFFFFF,4_metro_bus
41-811-aus-1,,811,Brighton - Dandenong,3,FF8200,FFFFFF,4_metro_bus
41-812-aus-1,,812,Brighton - Dandenong,3,FF8200,FFFFFF,4_metro_bus
41-813-aus-1,,813,Waverley Gardens SC - Dandenong,3,FF8200,FFFFFF,4_metro_bus
41-814-aus-1,,814,Springvale South - Dandenong,3,FF8200,FFFFFF,4_metro_bus
41-816-aus-1,,816,Noble Park Station - Keysborough South,3,FF8200,FFFFFF,4_metro_bus
41-822-aus-1,,822,Sandringham - Chadstone SC,3,FF8200,FFFFFF,4_metro_bus
41-823-aus-1,,823,Southland SC - North Brighton,3,FF8200,FFFFFF,4_metro_bus
41-824-aus-1,,824,Keysborough - Moorabbin,3,FF8200,FFFFFF,4_metro_bus
41-825-aus-1,,825,Southland SC - Moorabbin,3,FF8200,FFFFFF,4_metro_bus
41-828-aus-1,,828,Berwick Station - Hampton Station,3,FF8200,FFFFFF,4_metro_bus
41-843-aus-1,,843,Endeavour Hills - Dandenong Station,3,FF8200,FFFFFF,4_metro_bus
41-844-aus-1,,844,Doveton - Dandenong,3,FF8200,FFFFFF,4_metro_bus
41-845-aus-1,,845,Endeavour Hills - Dandenong Station,3,FF8200,FFFFFF,4_metro_bus
41-848-aus-1,,848,Brandon Park SC - Dandenong,3,FF8200,FFFFFF,4_metro_bus
41-850-aus-1,,850,Glen Waverley - Dandenong,3,FF8200,FFFFFF,4_metro_bus
41-857-aus-1,,857,Chelsea Station - Dandenong Station,3,FF8200,FFFFFF,4_metro_bus
41-858-aus-1,,858,Aspendale Gardens - Edithvale Railway Station,3,FF8200,FFFFFF,4_metro_bus
41-861-aus-1,,861,Endeavour Hills - Dandenong Station,3,FF8200,FFFFFF,4_metro_bus
41-862-aus-1,,862,Chadstone SC - Dandenong,3,FF8200,FFFFFF,4_metro_bus
41-863-aus-1,,863,Cranbourne West - Endeavour Hills SC,3,FF8200,FFFFFF,4_metro_bus
41-885-aus-1,,885,Springvale - Glen Waverley,3,FF8200,FFFFFF,4_metro_bus
41-900-aus-1,,900,Stud Park SC (Rowville) - Caulfield,3,FF8200,FFFFFF,4_metro_bus
41-978-aus-1,,978,Dandenong Station - Clayton Station,3,FF8200,FFFFFF,4_metro_bus
41-979-aus-1,,979,Dandenong Station - Clayton Station,3,FF8200,FFFFFF,4_metro_bus
41-981-aus-1,,981,Cranbourne - Dandenong Station,3,FF8200,FFFFFF,4_metro_bus
41-982-aus-1,,982,Cranbourne - Dandenong Station,3,FF8200,FFFFFF,4_metro_bus
42-301-aus-1,,301,La Trobe University - Reservoir Station,3,FF8200,FFFFFF,4_metro_bus
42-343-aus-1,,343,Hurstbridge Station - Greensborough,3,FF8200,FFFFFF,4_metro_bus
42-356-aus-1,,356,Wollert East - Epping Station,3,FF8200,FFFFFF,4_metro_bus
42-357-aus-1,,357,Wollert West - Thomastown Station,3,FF8200,FFFFFF,4_metro_bus
42-358-aus-1,,358,Wollert - Epping Station,3,FF8200,FFFFFF,4_metro_bus
42-381-aus-1,,381,Diamond Creek Station - Mernda Station,3,FF8200,FFFFFF,4_metro_bus
42-382-aus-1,,382,Whittlesea - Northland SC,3,FF8200,FFFFFF,4_metro_bus
42-383-aus-1,,383,Palisades - University Hill,3,FF8200,FFFFFF,4_metro_bus
42-384-aus-1,,384,Kinglake - Whittlesea,3,FF8200,FFFFFF,4_metro_bus
42-385-aus-1,,385,Mernda Station/Whittlesea - Greensborough,3,FF8200,FFFFFF,4_metro_bus
42-386-aus-1,,386,Mernda Station - Bundoora RMIT,3,FF8200,FFFFFF,4_metro_bus
42-387-aus-1,,387,Mernda Station - Bundoora RMIT,3,FF8200,FFFFFF,4_metro_bus
42-388-aus-1,,388,Mernda Station,3,FF8200,FFFFFF,4_metro_bus
42-389-aus-1,,389,Mernda Station,3,FF8200,FFFFFF,4_metro_bus
42-390-aus-1,,390,Mernda Station - Craigieburn Station,3,FF8200,FFFFFF,4_metro_bus
42-513-aus-1,,513,Eltham - Glenroy,3,FF8200,FFFFFF,4_metro_bus
42-514-aus-1,,514,Glenroy - Eltham,3,FF8200,FFFFFF,4_metro_bus
42-517-aus-1,,517,St Helena - Northland SC,3,FF8200,FFFFFF,4_metro_bus
42-518-aus-1,,518,St Helena West - Greensborough,3,FF8200,FFFFFF,4_metro_bus
42-554-aus-1,,554,Lalor,3,FF8200,FFFFFF,4_metro_bus
42-555-aus-1,,555,Northland SC - Epping Plaza SC,3,FF8200,FFFFFF,4_metro_bus
42-556-aus-1,,556,Epping Plaza SC - Northland SC,3,FF8200,FFFFFF,4_metro_bus
42-557-aus-1,,557,Thomastown,3,FF8200,FFFFFF,4_metro_bus
42-559-aus-1,,559,Thomastown Station,3,FF8200,FFFFFF,4_metro_bus
42-561-aus-1,,561,Macleod - Pascoe Vale,3,FF8200,FFFFFF,4_metro_bus
42-564-aus-1,,564,South Morang Station - Bundoora RMIT,3,FF8200,FFFFFF,4_metro_bus
42-566-aus-1,,566,Lalor - Northland SC,3,FF8200,FFFFFF,4_metro_bus
42-569-aus-1,,569,Epping Plaza SC - South Morang Station,3,FF8200,FFFFFF,4_metro_bus
42-570-aus-1,,570,Thomastown - Bundoora RMIT,3,FF8200,FFFFFF,4_metro_bus
42-577-aus-1,,577,Epping Plaza SC - South Morang Station,3,FF8200,FFFFFF,4_metro_bus
42-578-aus-1,,578,Eltham Station - Warrandyte,3,FF8200,FFFFFF,4_metro_bus
42-579-aus-1,,579,Eltham - Warrandyte,3,FF8200,FFFFFF,4_metro_bus
42-580-aus-1,,580,Eltham Station - Diamond Creek,3,FF8200,FFFFFF,4_metro_bus
42-582-aus-1,,582,Eltham Station,3,FF8200,FFFFFF,4_metro_bus
43-477-aus-1,,477,Broadmeadows Station - Moonee Ponds,3,FF8200,FFFFFF,4_metro_bus
43-478-aus-1,,478,Melbourne Airport - Airport West SC,3,FF8200,FFFFFF,4_metro_bus
43-479-aus-1,,479,Sunbury Station - Airport West SC,3,FF8200,FFFFFF,4_metro_bus
43-482-aus-1,,482,Melbourne Airport - Airport West SC,3,FF8200,FFFFFF,4_metro_bus
43-484-aus-1,,484,Roxburgh Park - Broadmeadows,3,FF8200,FFFFFF,4_metro_bus
43-490-aus-1,,490,Gowanbrae - Airport West,3,FF8200,FFFFFF,4_metro_bus
43-525-aus-1,,525,Donnybrook Station - Craigieburn Station,3,FF8200,FFFFFF,4_metro_bus
43-534-aus-1,,534,Coburg - Glenroy,3,FF8200,FFFFFF,4_metro_bus
43-536-aus-1,,536,Glenroy - Gowrie,3,FF8200,FFFFFF,4_metro_bus
43-538-aus-1,,538,Broadmeadows - Somerset Estate,3,FF8200,FFFFFF,4_metro_bus
43-540-aus-1,,540,Upfield - Broadmeadows,3,FF8200,FFFFFF,4_metro_bus
43-541-aus-1,,541,Craigieburn North (Mt Ridley Rd) - Broadmeadows Station,3,FF8200,FFFFFF,4_metro_bus
43-542-aus-1,,542,Roxburgh Park - Pascoe Vale,3,FF8200,FFFFFF,4_metro_bus
43-543-aus-1,,543,Greenvale Gardens - Roxburgh Park,3,FF8200,FFFFFF,4_metro_bus
44-684-aus-1,,684,Ringwood - Eildon,3,FF8200,FFFFFF,4_metro_bus
44-685-aus-1,,685,Lilydale - Healesville,3,FF8200,FFFFFF,4_metro_bus
44-965-aus-1,,965,Healesville - Lilydale Station,3,FF8200,FFFFFF,4_metro_bus
45-B05-aus-1,,5,Kangaroo Flat - Huntly,3,FF8200,FFFFFF,4_metro_bus
45-B50-aus-1,,50,Epsom Station - Bendigo Station,3,FF8200,FFFFFF,4_metro_bus
45-B51-aus-1,,51,Eaglehawk - Bendigo Station,3,FF8200,FFFFFF,4_metro_bus
45-B52-aus-1,,52,Eaglehawk - Bendigo Station,3,FF8200,FFFFFF,4_metro_bus
45-B53-aus-1,,53,Eaglehawk - Bendigo Station,3,FF8200,FFFFFF,4_metro_bus
45-B54-aus-1,,54,Maiden Gully - Bendigo Station,3,FF8200,FFFFFF,4_metro_bus
45-B55-aus-1,,55,Kangaroo Flat - Bendigo Station,3,FF8200,FFFFFF,4_metro_bus
45-B60-aus-1,,60,East Bendigo - Bendigo Station,3,FF8200,FFFFFF,4_metro_bus
45-B61-aus-1,,61,La Trobe University - Bendigo Station,3,FF8200,FFFFFF,4_metro_bus
45-B62-aus-1,,62,Spring Gully - Bendigo Station,3,FF8200,FFFFFF,4_metro_bus
45-B63-aus-1,,63,La Trobe University - Bendigo Hospital,3,FF8200,FFFFFF,4_metro_bus
45-B64-aus-1,,64,Golden Square - Bendigo Station,3,FF8200,FFFFFF,4_metro_bus
45-B65-aus-1,,65,Spring Gully - Bendigo Station,3,FF8200,FFFFFF,4_metro_bus
46-B05-aus-1,,5,Kangaroo Flat - Huntly,3,FF8200,FFFFFF,4_metro_bus
46-B50-aus-1,,50,Epsom Station - Bendigo Station,3,FF8200,FFFFFF,4_metro_bus
46-B51-aus-1,,51,Eaglehawk - Bendigo Station,3,FF8200,FFFFFF,4_metro_bus
46-B52-aus-1,,52,Eaglehawk - Bendigo Station,3,FF8200,FFFFFF,4_metro_bus
46-B53-aus-1,,53,Eaglehawk - Bendigo Station,3,FF8200,FFFFFF,4_metro_bus
46-B54-aus-1,,54,Maiden Gully - Bendigo Station,3,FF8200,FFFFFF,4_metro_bus
46-B55-aus-1,,55,Kangaroo Flat - Bendigo Station,3,FF8200,FFFFFF,4_metro_bus
46-B60-aus-1,,60,East Bendigo - Bendigo Station,3,FF8200,FFFFFF,4_metro_bus
46-B61-aus-1,,61,La Trobe University - Bendigo Station,3,FF8200,FFFFFF,4_metro_bus
46-B62-aus-1,,62,Spring Gully - Bendigo Station,3,FF8200,FFFFFF,4_metro_bus
46-B63-aus-1,,63,La Trobe University - Bendigo Hospital,3,FF8200,FFFFFF,4_metro_bus
46-B64-aus-1,,64,Golden Square - Bendigo Station,3,FF8200,FFFFFF,4_metro_bus
46-B65-aus-1,,65,Spring Gully - Bendigo Station,3,FF8200,FFFFFF,4_metro_bus
46-B70-aus-1,,70,Strathfieldsaye - Bendigo Station,3,FF8200,FFFFFF,4_metro_bus
46-B71-aus-1,,71,Strathfieldsaye SC (Loop),3,FF8200,FFFFFF,4_metro_bus
46-BNG-aus-1,,,Goornong - Bendigo,3,FF8200,FFFFFF,4_metro_bus
49-601-aus-1,,601,Huntingdale Station - Monash University (Clayton),3,FF8200,FFFFFF,4_metro_bus
49-605-aus-1,,605,Gardenvale - City (Queen Victoria Market),3,FF8200,FFFFFF,4_metro_bus
49-606-aus-1,,606,Fishermans Bend - Elsternwick Station,3,FF8200,FFFFFF,4_metro_bus
49-612-aus-1,,612,Box Hill Station - Chadstone SC,3,FF8200,FFFFFF,4_metro_bus
49-623-aus-1,,623,Glen Waverley - St Kilda,3,FF8200,FFFFFF,4_metro_bus
49-624-aus-1,,624,Oakleigh - Kew,3,FF8200,FFFFFF,4_metro_bus
49-625-aus-1,,625,Chadstone SC - Elsternwick,3,FF8200,FFFFFF,4_metro_bus
49-626-aus-1,,626,Chadstone - Middle Brighton,3,FF8200,FFFFFF,4_metro_bus
49-630-aus-1,,630,Monash University - Elwood,3,FF8200,FFFFFF,4_metro_bus
49-900-aus-1,,900,Stud Park SC (Rowville) - Caulfield,3,FF8200,FFFFFF,4_metro_bus
51-789-aus-1,,789,Langwarrin - Frankston Station,3,FF8200,FFFFFF,4_metro_bus
51-790-aus-1,,790,Frankston Station - Langwarrin,3,FF8200,FFFFFF,4_metro_bus
51-791-aus-1,,791,Cranbourne Station - Frankston Station,3,FF8200,FFFFFF,4_metro_bus
51-792-aus-1,,792,Pearcedale - Cranbourne Station,3,FF8200,FFFFFF,4_metro_bus
51-795-aus-1,,795,Warneet - Cranbourne,3,FF8200,FFFFFF,4_metro_bus
51-796-aus-1,,796,Clyde - Cranbourne Station,3,FF8200,FFFFFF,4_metro_bus
51-798-aus-1,,798,Clyde North - Cranbourne Park SC,3,FF8200,FFFFFF,4_metro_bus
51-799-aus-1,,799,The Avenue Village SC - Merinda Park Station,3,FF8200,FFFFFF,4_metro_bus
51-881-aus-1,,881,Merinda Park Station - Clyde North,3,FF8200,FFFFFF,4_metro_bus
51-890-aus-1,,890,Dandenong Station - Lynbrook Station,3,FF8200,FFFFFF,4_metro_bus
51-891-aus-1,,891,Lynbrook Station - Fountain Gate SC,3,FF8200,FFFFFF,4_metro_bus
51-892-aus-1,,892,Casey Central SC - Dandenong Station,3,FF8200,FFFFFF,4_metro_bus
51-893-aus-1,,893,Cranbourne Park SC - Dandenong Station,3,FF8200,FFFFFF,4_metro_bus
51-894-aus-1,,894,Amberly Park - Hallam Station,3,FF8200,FFFFFF,4_metro_bus
51-895-aus-1,,895,Narre Warren South - Fountain Gate SC,3,FF8200,FFFFFF,4_metro_bus
51-897-aus-1,,897,Lynbrook Station - Clyde North,3,FF8200,FFFFFF,4_metro_bus
51-898-aus-1,,898,Clyde North - Cranbourne Station,3,FF8200,FFFFFF,4_metro_bus
52-831-aus-1,,831,Clyde - Berwick Station,3,FF8200,FFFFFF,4_metro_bus
52-834-aus-1,,834,Berwick Station - Fountain Gate SC,3,FF8200,FFFFFF,4_metro_bus
52-835-aus-1,,835,Berwick Station - Fountain Gate SC,3,FF8200,FFFFFF,4_metro_bus
52-836-aus-1,,836,Eden Rise SC - Berwick Station,3,FF8200,FFFFFF,4_metro_bus
52-837-aus-1,,837,Beaconsfield East - Berwick Station,3,FF8200,FFFFFF,4_metro_bus
52-838-aus-1,,838,Emerald - Fountain Gate SC,3,FF8200,FFFFFF,4_metro_bus
52-839-aus-1,,839,North Berwick - Berwick Station,3,FF8200,FFFFFF,4_metro_bus
52-840-aus-1,,840,Gembrook - Pakenham Station,3,FF8200,FFFFFF,4_metro_bus
52-841-aus-1,,841,Cranbourne - Narre Warren North,3,FF8200,FFFFFF,4_metro_bus
52-842-aus-1,,842,Endeavour Hills SC - Fountain Gate SC,3,FF8200,FFFFFF,4_metro_bus
52-846-aus-1,,846,Eden Rise SC - Berwick Station,3,FF8200,FFFFFF,4_metro_bus
52-847-aus-1,,847,The Avenue Village SC - Berwick Station,3,FF8200,FFFFFF,4_metro_bus
52-888-aus-1,,888,Clyde - Berwick Station,3,FF8200,FFFFFF,4_metro_bus
52-889-aus-1,,889,Clyde North - Berwick Station,3,FF8200,FFFFFF,4_metro_bus
52-899-aus-1,,899,The Avenue Village SC - Berwick Station,3,FF8200,FFFFFF,4_metro_bus
52-925-aus-1,,925,Officer South - Pakenham Station,3,FF8200,FFFFFF,4_metro_bus
52-926-aus-1,,926,Pakenham Station - Fountain Gate SC,3,FF8200,FFFFFF,4_metro_bus
52-927-aus-1,,927,Pakenham North - Pakenham Station,3,FF8200,FFFFFF,4_metro_bus
52-928-aus-1,,928,Berwick Station - Pakenham Station,3,FF8200,FFFFFF,4_metro_bus
52-929-aus-1,,929,Pakenham North - Pakenham Station,3,FF8200,FFFFFF,4_metro_bus
53-400-aus-1,,400,Laverton Station - Sunshine Station,3,FF8200,FFFFFF,4_metro_bus
53-401-aus-1,,401,North Melbourne Station,3,FF8200,FFFFFF,4_metro_bus
53-402-aus-1,,402,Footscray Station - East Melbourne,3,FF8200,FFFFFF,4_metro_bus
53-403-aus-1,,403,Footscray Station - Melbourne University,3,FF8200,FFFFFF,4_metro_bus
53-404-aus-1,,404,Footscray Station - Moonee Ponds,3,FF8200,FFFFFF,4_metro_bus
53-420-aus-1,,420,Watergardens Station - Sunshine Station,3,FF8200,FFFFFF,4_metro_bus
53-422-aus-1,,422,Brimbank Central SC - Sunshine Station,3,FF8200,FFFFFF,4_metro_bus
53-427-aus-1,,427,Williamstown - Sunshine Station,3,FF8200,FFFFFF,4_metro_bus
53-428-aus-1,,428,Williamstown - Sunshine Station,3,FF8200,FFFFFF,4_metro_bus
53-431-aus-1,,431,Kingsville - Yarraville,3,FF8200,FFFFFF,4_metro_bus
53-432-aus-1,,432,Yarraville - Newport,3,FF8200,FFFFFF,4_metro_bus
53-453-aus-1,,453,Melton - Melton Station,3,FF8200,FFFFFF,4_metro_bus
53-454-aus-1,,454,Cobblebank Station - Melton Station,3,FF8200,FFFFFF,4_metro_bus
53-455-aus-1,,455,Micasa Rise - Melton Station,3,FF8200,FFFFFF,4_metro_bus
53-456-aus-1,,456,Sunshine Station - Melton,3,FF8200,FFFFFF,4_metro_bus
53-457-aus-1,,457,Melton - Melton Station,3,FF8200,FFFFFF,4_metro_bus
53-458-aus-1,,458,Kurunjang - Melton Station,3,FF8200,FFFFFF,4_metro_bus
53-459-aus-1,,459,Arnolds Creek - Melton Station,3,FF8200,FFFFFF,4_metro_bus
53-471-aus-1,,471,Williamstown - Sunshine Station,3,FF8200,FFFFFF,4_metro_bus
53-472-aus-1,,472,Williamstown - Sunshine Station,3,FF8200,FFFFFF,4_metro_bus
53-941-aus-1,,941,Watergardens Station - Sunshine Station,3,FF8200,FFFFFF,4_metro_bus
53-943-aus-1,,943,Melton - Watergardens Station,3,FF8200,FFFFFF,4_metro_bus
53-947-aus-1,,947,Newport Station - Footscray,3,FF8200,FFFFFF,4_metro_bus
53-949-aus-1,,949,Williams Landing Station,3,FF8200,FFFFFF,4_metro_bus
57-V20-aus-1,,,Moe Station,3,FF8200,FFFFFF,4_metro_bus
57-V30-aus-1,,,Traralgon Station,3,FF8200,FFFFFF,4_metro_bus
57-V83-aus-1,,,Drouin North,3,FF8200,FFFFFF,4_metro_bus
57-V85-aus-1,,,Drouin North,3,FF8200,FFFFFF,4_metro_bus
57-V87-aus-1,,,Garfield Station,3,FF8200,FFFFFF,4_metro_bus
57-V89-aus-1,,,Moe Bus Interchange,3,FF8200,FFFFFF,4_metro_bus
57-V90-aus-1,,,Moe - Albert St,3,FF8200,FFFFFF,4_metro_bus
57-V91-aus-1,,,Newborough TAFE - Yallourn,3,FF8200,FFFFFF,4_metro_bus
57-V92-aus-1,,,Traralgon Plaza,3,FF8200,FFFFFF,4_metro_bus
57-V93-aus-1,,,Warragul Station,3,FF8200,FFFFFF,4_metro_bus
57-w28-aus-1,,,Nar Nar Goon Station,3,FF8200,FFFFFF,4_metro_bus
57-w35-aus-1,,,Drouin North,3,FF8200,FFFFFF,4_metro_bus
57-w36-aus-1,,,Drouin North,3,FF8200,FFFFFF,4_metro_bus
57-w37-aus-1,,,Drouin North,3,FF8200,FFFFFF,4_metro_bus
57-w76-aus-1,,,Warragul Station,3,FF8200,FFFFFF,4_metro_bus
57-w77-aus-1,,,Drouin Station,3,FF8200,FFFFFF,4_metro_bus
57-W80-aus-1,,80,Warragul South - Warragul Station,3,FF8200,FFFFFF,4_metro_bus
57-W81-aus-1,,81,Warragul North - Warragul Station,3,FF8200,FFFFFF,4_metro_bus
57-W82-aus-1,,82,Warragul North - Warragul Station,3,FF8200,FFFFFF,4_metro_bus
57-W83-aus-1,,83,Warragul East - Warragul Station,3,FF8200,FFFFFF,4_metro_bus
57-W85-aus-1,,85,Warragul Station - Drouin Station,3,FF8200,FFFFFF,4_metro_bus
57-W86-aus-1,,86,Drouin North - Drouin Station,3,FF8200,FFFFFF,4_metro_bus
58-G01-aus-1,,1,Deakin University - North Shore Station,3,FF8200,FFFFFF,4_metro_bus
58-G10-aus-1,,10,Corio Village SC - Lara Station,3,FF8200,FFFFFF,4_metro_bus
58-G11-aus-1,,11,Lara East - Lara Station,3,FF8200,FFFFFF,4_metro_bus
58-G12-aus-1,,12,Lara West - Lara Station,3,FF8200,FFFFFF,4_metro_bus
58-G19-aus-1,,19,Bannockburn - Geelong Station,3,FF8200,FFFFFF,4_metro_bus
58-G20-aus-1,,20,Geelong Station - Corio SC,3,FF8200,FFFFFF,4_metro_bus
58-G22-aus-1,,22,North Shore Station - Geelong Station,3,FF8200,FFFFFF,4_metro_bus
58-G23-aus-1,,23,Corio SC - North Shore,3,FF8200,FFFFFF,4_metro_bus
58-G24-aus-1,,24,Geelong Station - North Geelong Station,3,FF8200,FFFFFF,4_metro_bus
58-G25-aus-1,,25,Bell Post Hill - Geelong Station,3,FF8200,FFFFFF,4_metro_bus
58-G43-aus-1,,43,Deakin University - Geelong Station,3,FF8200,FFFFFF,4_metro_bus
59-10B-aus-1,,10,Lucas - Ballarat Station,3,FF8200,FFFFFF,4_metro_bus
59-11B-aus-1,,11,Wendouree Station - Ballarat Station,3,FF8200,FFFFFF,4_metro_bus
59-12B-aus-1,,12,Wendouree Station - Ballarat Station,3,FF8200,FFFFFF,4_metro_bus
59-13B-aus-1,,13,Invermay Park - Ballarat Station,3,FF8200,FFFFFF,4_metro_bus
59-14B-aus-1,,14,Black Hill - Ballarat Station,3,FF8200,FFFFFF,4_metro_bus
59-15B-aus-1,,15,Brown Hill - Ballarat Station,3,FF8200,FFFFFF,4_metro_bus
59-20B-aus-1,,20,Canadian - Ballarat Station,3,FF8200,FFFFFF,4_metro_bus
59-21B-aus-1,,21,Buninyong - Ballarat Station,3,FF8200,FFFFFF,4_metro_bus
59-22B-aus-1,,22,Federation University - Ballarat Station,3,FF8200,FFFFFF,4_metro_bus
59-23B-aus-1,,23,Mount Pleasant - Ballarat Station,3,FF8200,FFFFFF,4_metro_bus
59-24B-aus-1,,24,Sebastopol - Ballarat Station,3,FF8200,FFFFFF,4_metro_bus
59-25B-aus-1,,25,Delacombe - Ballarat Station,3,FF8200,FFFFFF,4_metro_bus
59-26B-aus-1,,26,Alfredton - Ballarat Station,3,FF8200,FFFFFF,4_metro_bus
59-30B-aus-1,,30,Creswick - Ballarat Station,3,FF8200,FFFFFF,4_metro_bus
59-31B-aus-1,,31,Miners Rest - Wendouree Station,3,FF8200,FFFFFF,4_metro_bus
60-150-aus-1,,150,Tarneit Station - Williams Landing Station,3,FF8200,FFFFFF,4_metro_bus
60-151-aus-1,,151,Tarneit Station - Williams Landing Station,3,FF8200,FFFFFF,4_metro_bus
60-152-aus-1,,152,Williams Landing Station - Tarneit Station,3,FF8200,FFFFFF,4_metro_bus
60-153-aus-1,,153,Werribee Station - Williams Landing Station,3,FF8200,FFFFFF,4_metro_bus
60-160-aus-1,,160,Hoppers Crossing Station - Tarneit Station,3,FF8200,FFFFFF,4_metro_bus
60-161-aus-1,,161,Werribee Station - Hoppers Crossing Station,3,FF8200,FFFFFF,4_metro_bus
60-166-aus-1,,166,Wyndham Vale Station - Hoppers Crossing Station,3,FF8200,FFFFFF,4_metro_bus
60-167-aus-1,,167,Hoppers Crossing Station - Tarneit Station,3,FF8200,FFFFFF,4_metro_bus
60-170-aus-1,,170,Werribee Station - Tarneit Station,3,FF8200,FFFFFF,4_metro_bus
60-180-aus-1,,180,Werribee Station - Tarneit Station,3,FF8200,FFFFFF,4_metro_bus
60-181-aus-1,,181,Werribee Station - Hoppers Crossing Station,3,FF8200,FFFFFF,4_metro_bus
60-182-aus-1,,182,Werribee Station - Tarneit Station,3,FF8200,FFFFFF,4_metro_bus
60-190-aus-1,,190,Wyndham Vale Station - Werribee Station,3,FF8200,FFFFFF,4_metro_bus
60-191-aus-1,,191,Jubilee Estate - Werribee Station,3,FF8200,FFFFFF,4_metro_bus
60-192-aus-1,,192,Wyndham Vale Station - Werribee Station,3,FF8200,FFFFFF,4_metro_bus
60-400-aus-1,,400,Laverton Station - Sunshine Station,3,FF8200,FFFFFF,4_metro_bus
60-406-aus-1,,406,Keilor East - Footscray Station,3,FF8200,FFFFFF,4_metro_bus
60-407-aus-1,,407,Avondale Heights - Highpoint SC,3,FF8200,FFFFFF,4_metro_bus
60-408-aus-1,,408,Highpoint SC - St Albans Station,3,FF8200,FFFFFF,4_metro_bus
60-409-aus-1,,409,Highpoint SC - Yarraville,3,FF8200,FFFFFF,4_metro_bus
60-410-aus-1,,410,Sunshine Station - Footscray,3,FF8200,FFFFFF,4_metro_bus
60-411-aus-1,,411,Laverton Station - Footscray,3,FF8200,FFFFFF,4_metro_bus
60-412-aus-1,,412,Laverton Station - Footscray,3,FF8200,FFFFFF,4_metro_bus
60-414-aus-1,,414,Laverton Station - Footscray,3,FF8200,FFFFFF,4_metro_bus
60-415-aus-1,,415,Laverton Station - Williamstown,3,FF8200,FFFFFF,4_metro_bus
60-417-aus-1,,417,Laverton Station - Laverton North,3,FF8200,FFFFFF,4_metro_bus
60-439-aus-1,,439,Werribee South - Werribee Station,3,FF8200,FFFFFF,4_metro_bus
60-441-aus-1,,441,Riverwalk Estate - Werribee Station,3,FF8200,FFFFFF,4_metro_bus
60-443-aus-1,,443,Werribee Station (Anti-Clockwise) - Werribee Station (Clockwise),3,FF8200,FFFFFF,4_metro_bus
60-494-aus-1,,494,Point Cook South - Williams Landing Station,3,FF8200,FFFFFF,4_metro_bus
60-495-aus-1,,495,Point Cook South - Williams Landing Station,3,FF8200,FFFFFF,4_metro_bus
60-496-aus-1,,496,Sanctuary Lakes - Laverton Station,3,FF8200,FFFFFF,4_metro_bus
60-497-aus-1,,497,Saltwater Coast Estate - Williams Landing Station,3,FF8200,FFFFFF,4_metro_bus
60-498-aus-1,,498,Hoppers Crossing Station - Laverton Station,3,FF8200,FFFFFF,4_metro_bus
61-501-aus-1,,501,Craigieburn Station - Donnybrook Station,3,FF8200,FFFFFF,4_metro_bus
61-511-aus-1,,511,Mandalay - Donnybrook Station,3,FF8200,FFFFFF,4_metro_bus
61-524-aus-1,,524,Donnybrook Station,3,FF8200,FFFFFF,4_metro_bus
61-528-aus-1,,528,Craigieburn Central SC - Craigieburn Station,3,FF8200,FFFFFF,4_metro_bus
61-529-aus-1,,529,Craigieburn North - Craigieburn Station,3,FF8200,FFFFFF,4_metro_bus
61-530-aus-1,,530,Coburg - Campbellfield,3,FF8200,FFFFFF,4_metro_bus
61-531-aus-1,,531,North Coburg - Upfield Station,3,FF8200,FFFFFF,4_metro_bus
61-532-aus-1,,532,Broadmeadows - Craigieburn,3,FF8200,FFFFFF,4_metro_bus
61-533-aus-1,,533,Craigieburn North - Craigieburn,3,FF8200,FFFFFF,4_metro_bus
61-537-aus-1,,537,Craigieburn Central SC - Craigieburn Station,3,FF8200,FFFFFF,4_metro_bus
61-544-aus-1,,544,Roxburgh Park Station - Craigieburn Station,3,FF8200,FFFFFF,4_metro_bus
64-L01-aus-1,,1,Moe - Traralgon,3,FF8200,FFFFFF,4_metro_bus
64-L02-aus-1,,2,Churchill - Morwell,3,FF8200,FFFFFF,4_metro_bus
64-L03-aus-1,,3,Churchill - Traralgon,3,FF8200,FFFFFF,4_metro_bus
64-L04-aus-1,,4,Boolarra - Churchill,3,FF8200,FFFFFF,4_metro_bus
64-L05-aus-1,,5,Moe - Traralgon,3,FF8200,FFFFFF,4_metro_bus
64-L06-aus-1,,6,Traralgon South,3,FF8200,FFFFFF,4_metro_bus
64-L11-aus-1,,11,Moe West,3,FF8200,FFFFFF,4_metro_bus
64-L12-aus-1,,12,Moe South,3,FF8200,FFFFFF,4_metro_bus
64-L13-aus-1,,13,Moe North,3,FF8200,FFFFFF,4_metro_bus
64-L14-aus-1,,14,Moe,3,FF8200,FFFFFF,4_metro_bus
64-L15-aus-1,,15,Moe,3,FF8200,FFFFFF,4_metro_bus
64-L21-aus-1,,21,Morwell - Mid Valley SC,3,FF8200,FFFFFF,4_metro_bus
64-L22-aus-1,,22,Morwell - Mid Valley SC,3,FF8200,FFFFFF,4_metro_bus
64-L30-aus-1,,30,Churchill Town Service,3,FF8200,FFFFFF,4_metro_bus
64-L40-aus-1,,40,Traralgon Plaza SC,3,FF8200,FFFFFF,4_metro_bus
64-L41-aus-1,,41,Traralgon West,3,FF8200,FFFFFF,4_metro_bus
64-L42-aus-1,,42,Southside,3,FF8200,FFFFFF,4_metro_bus
64-L43-aus-1,,43,Traralgon East,3,FF8200,FFFFFF,4_metro_bus
64-L44-aus-1,,44,Traralgon Plaza SC,3,FF8200,FFFFFF,4_metro_bus
64-L45-aus-1,,45,Traralgon North,3,FF8200,FFFFFF,4_metro_bus
65-L01-aus-1,,1,Moe - Traralgon,3,FF8200,FFFFFF,4_metro_bus
65-L02-aus-1,,2,Churchill - Morwell,3,FF8200,FFFFFF,4_metro_bus
65-L03-aus-1,,3,Churchill - Traralgon,3,FF8200,FFFFFF,4_metro_bus
65-L04-aus-1,,4,Boolarra - Churchill,3,FF8200,FFFFFF,4_metro_bus
65-L05-aus-1,,5,Moe - Traralgon,3,FF8200,FFFFFF,4_metro_bus
65-L07-aus-1,,7,Churchill - Traralgon,3,FF8200,FFFFFF,4_metro_bus
65-L11-aus-1,,11,Moe West,3,FF8200,FFFFFF,4_metro_bus
65-L13-aus-1,,13,Moe North,3,FF8200,FFFFFF,4_metro_bus
65-L14-aus-1,,14,Moe,3,FF8200,FFFFFF,4_metro_bus
65-L20-aus-1,,20,Morwell South,3,FF8200,FFFFFF,4_metro_bus
65-L21-aus-1,,21,Morwell - Mid Valley SC,3,FF8200,FFFFFF,4_metro_bus
65-L22-aus-1,,22,Morwell - Mid Valley SC,3,FF8200,FFFFFF,4_metro_bus
65-L30-aus-1,,30,Churchill Town Service,3,FF8200,FFFFFF,4_metro_bus
65-L40-aus-1,,40,Traralgon Plaza SC,3,FF8200,FFFFFF,4_metro_bus
65-L41-aus-1,,41,Traralgon West,3,FF8200,FFFFFF,4_metro_bus
65-L42-aus-1,,42,Southside,3,FF8200,FFFFFF,4_metro_bus
65-L43-aus-1,,43,Traralgon East,3,FF8200,FFFFFF,4_metro_bus
65-L44-aus-1,,44,Traralgon Plaza SC,3,FF8200,FFFFFF,4_metro_bus
65-L45-aus-1,,45,Traralgon North,3,FF8200,FFFFFF,4_metro_bus
66-L01-aus-1,,1,Moe - Traralgon,3,FF8200,FFFFFF,4_metro_bus
66-L02-aus-1,,2,Churchill - Morwell,3,FF8200,FFFFFF,4_metro_bus
66-L03-aus-1,,3,Churchill - Traralgon,3,FF8200,FFFFFF,4_metro_bus
66-L04-aus-1,,4,Boolarra - Churchill,3,FF8200,FFFFFF,4_metro_bus
66-L05-aus-1,,5,Moe - Traralgon,3,FF8200,FFFFFF,4_metro_bus
66-L06-aus-1,,6,Traralgon South,3,FF8200,FFFFFF,4_metro_bus
66-L07-aus-1,,7,Churchill - Traralgon,3,FF8200,FFFFFF,4_metro_bus
66-L08-aus-1,,8,Moe - Traralgon,3,FF8200,FFFFFF,4_metro_bus
66-L09-aus-1,,9,Churchill - Traralgon,3,FF8200,FFFFFF,4_metro_bus
66-L11-aus-1,,11,Moe West,3,FF8200,FFFFFF,4_metro_bus
66-L12-aus-1,,12,Moe South,3,FF8200,FFFFFF,4_metro_bus
66-L13-aus-1,,13,Moe North,3,FF8200,FFFFFF,4_metro_bus
66-L14-aus-1,,14,Moe,3,FF8200,FFFFFF,4_metro_bus
66-L15-aus-1,,15,Moe,3,FF8200,FFFFFF,4_metro_bus
66-L20-aus-1,,20,Morwell South,3,FF8200,FFFFFF,4_metro_bus
66-L21-aus-1,,21,Morwell - Mid Valley SC,3,FF8200,FFFFFF,4_metro_bus
66-L22-aus-1,,22,Morwell - Mid Valley SC,3,FF8200,FFFFFF,4_metro_bus
66-L30-aus-1,,30,Churchill Town Service,3,FF8200,FFFFFF,4_metro_bus
66-L40-aus-1,,40,Traralgon Plaza SC,3,FF8200,FFFFFF,4_metro_bus
66-L41-aus-1,,41,Traralgon West,3,FF8200,FFFFFF,4_metro_bus
66-L42-aus-1,,42,Southside,3,FF8200,FFFFFF,4_metro_bus
66-L43-aus-1,,43,Traralgon East,3,FF8200,FFFFFF,4_metro_bus
66-L44-aus-1,,44,Traralgon Plaza SC,3,FF8200,FFFFFF,4_metro_bus
66-L45-aus-1,,45,Traralgon North,3,FF8200,FFFFFF,4_metro_bus
67-G30-aus-1,,30,Whittington - Geelong Station,3,FF8200,FFFFFF,4_metro_bus
67-G31-aus-1,,31,St Albans Park - Geelong Station,3,FF8200,FFFFFF,4_metro_bus
67-G32-aus-1,,32,Leopold - Geelong Station,3,FF8200,FFFFFF,4_metro_bus
67-G40-aus-1,,40,Deakin University - Geelong Station,3,FF8200,FFFFFF,4_metro_bus
67-G41-aus-1,,41,Deakin University - Geelong Station,3,FF8200,FFFFFF,4_metro_bus
67-G42-aus-1,,42,Deakin University - Geelong Station,3,FF8200,FFFFFF,4_metro_bus
67-G45-aus-1,,45,Armstrong Creek - Waurn Ponds SC,3,FF8200,FFFFFF,4_metro_bus
67-G49-aus-1,,49,Kalkee Ret Village - Belmont Village SC,3,FF8200,FFFFFF,4_metro_bus
67-G52-aus-1,,52,Jan Juc (Torquay) - Marshall Station,3,FF8200,FFFFFF,4_metro_bus
67-G53-aus-1,,53,Torquay (Bell St) - Geelong Station,3,FF8200,FFFFFF,4_metro_bus
67-G54-aus-1,,54,Torquay (Bell St) - Marshall Station,3,FF8200,FFFFFF,4_metro_bus
67-G55-aus-1,,55,Ocean Grove - Geelong Station,3,FF8200,FFFFFF,4_metro_bus
67-G56-aus-1,,56,Queenscliff - Geelong Station,3,FF8200,FFFFFF,4_metro_bus
67-G60-aus-1,,60,St Leonards - Geelong Station,3,FF8200,FFFFFF,4_metro_bus
67-G61-aus-1,,61,Drysdale - Geelong Station,3,FF8200,FFFFFF,4_metro_bus
68-G30-aus-1,,30,Whittington - Geelong Station,3,FF8200,FFFFFF,4_metro_bus
68-G31-aus-1,,31,St Albans Park - Geelong Station,3,FF8200,FFFFFF,4_metro_bus
68-G32-aus-1,,32,Leopold - Geelong Station,3,FF8200,FFFFFF,4_metro_bus
68-G40-aus-1,,40,Deakin University - Geelong Station,3,FF8200,FFFFFF,4_metro_bus
68-G41-aus-1,,41,Deakin University - Geelong Station,3,FF8200,FFFFFF,4_metro_bus
68-G42-aus-1,,42,Deakin University - Geelong Station,3,FF8200,FFFFFF,4_metro_bus
68-G45-aus-1,,45,Armstrong Creek - Waurn Ponds SC,3,FF8200,FFFFFF,4_metro_bus
68-G52-aus-1,,52,Jan Juc (Torquay) - Marshall Station,3,FF8200,FFFFFF,4_metro_bus
68-G53-aus-1,,53,Torquay (Bell St) - Geelong Station,3,FF8200,FFFFFF,4_metro_bus
68-G54-aus-1,,54,Torquay (Bell St) - Marshall Station,3,FF8200,FFFFFF,4_metro_bus
68-G55-aus-1,,55,Ocean Grove - Geelong Station,3,FF8200,FFFFFF,4_metro_bus
68-G56-aus-1,,56,Queenscliff - Geelong Station,3,FF8200,FFFFFF,4_metro_bus
68-G60-aus-1,,60,St Leonards - Geelong Station,3,FF8200,FFFFFF,4_metro_bus
68-G61-aus-1,,61,Drysdale - Geelong Station,3,FF8200,FFFFFF,4_metro_bus
69-G30-aus-1,,30,Whittington - Geelong Station,3,FF8200,FFFFFF,4_metro_bus
69-G31-aus-1,,31,St Albans Park - Geelong Station,3,FF8200,FFFFFF,4_metro_bus
69-G32-aus-1,,32,Leopold - Geelong Station,3,FF8200,FFFFFF,4_metro_bus
69-G40-aus-1,,40,Deakin University - Geelong Station,3,FF8200,FFFFFF,4_metro_bus
69-G41-aus-1,,41,Deakin University - Geelong Station,3,FF8200,FFFFFF,4_metro_bus
69-G42-aus-1,,42,Deakin University - Geelong Station,3,FF8200,FFFFFF,4_metro_bus
69-G45-aus-1,,45,Armstrong Creek - Waurn Ponds SC,3,FF8200,FFFFFF,4_metro_bus
69-G52-aus-1,,52,Jan Juc (Torquay) - Marshall Station,3,FF8200,FFFFFF,4_metro_bus
69-G53-aus-1,,53,Torquay (Bell St) - Geelong Station,3,FF8200,FFFFFF,4_metro_bus
69-G54-aus-1,,54,Torquay (Bell St) - Marshall Station,3,FF8200,FFFFFF,4_metro_bus
69-G55-aus-1,,55,Ocean Grove - Geelong Station,3,FF8200,FFFFFF,4_metro_bus
69-G56-aus-1,,56,Queenscliff - Geelong Station,3,FF8200,FFFFFF,4_metro_bus
69-G60-aus-1,,60,St Leonards - Geelong Station,3,FF8200,FFFFFF,4_metro_bus
69-G61-aus-1,,61,Drysdale - Geelong Station,3,FF8200,FFFFFF,4_metro_bus
70-G30-aus-1,,30,Whittington - Geelong Station,3,FF8200,FFFFFF,4_metro_bus
70-G31-aus-1,,31,St Albans Park - Geelong Station,3,FF8200,FFFFFF,4_metro_bus
70-G32-aus-1,,32,Leopold - Geelong Station,3,FF8200,FFFFFF,4_metro_bus
70-G40-aus-1,,40,Deakin University - Geelong Station,3,FF8200,FFFFFF,4_metro_bus
70-G41-aus-1,,41,Deakin University - Geelong Station,3,FF8200,FFFFFF,4_metro_bus
70-G42-aus-1,,42,Deakin University - Geelong Station,3,FF8200,FFFFFF,4_metro_bus
70-G45-aus-1,,45,Armstrong Creek - Waurn Ponds SC,3,FF8200,FFFFFF,4_metro_bus
70-G52-aus-1,,52,Jan Juc (Torquay) - Marshall Station,3,FF8200,FFFFFF,4_metro_bus
70-G53-aus-1,,53,Torquay (Bell St) - Geelong Station,3,FF8200,FFFFFF,4_metro_bus
70-G54-aus-1,,54,Torquay (Bell St) - Marshall Station,3,FF8200,FFFFFF,4_metro_bus
70-G55-aus-1,,55,Ocean Grove - Geelong Station,3,FF8200,FFFFFF,4_metro_bus
70-G60-aus-1,,60,St Leonards - Geelong Station,3,FF8200,FFFFFF,4_metro_bus
70-G61-aus-1,,61,Drysdale - Geelong Station,3,FF8200,FFFFFF,4_metro_bus
78-SY1-aus-1,,1,Seymour East,3,FF8200,FFFFFF,4_metro_bus
78-SY2-aus-1,,2,Seymour North,3,FF8200,FFFFFF,4_metro_bus
78-SY3-aus-1,,3,Puckapunyal,3,FF8200,FFFFFF,4_metro_bus
78-SY4-aus-1,,4,Seymour (AM peak),3,FF8200,FFFFFF,4_metro_bus
78-SY5-aus-1,,5,Seymour Nth East (PM peak),3,FF8200,FFFFFF,4_metro_bus
79-KM1-aus-1,,,Kilmore East Railway Station - Kilmore,3,FF8200,FFFFFF,4_metro_bus
80-W12-aus-1,,,Wallan Station Link A,3,FF8200,FFFFFF,4_metro_bus
80-WN1-aus-1,,,Wallan Central - Wallan Station,3,FF8200,FFFFFF,4_metro_bus
80-WN2-aus-1,,,Springridge - Wallan Station,3,FF8200,FFFFFF,4_metro_bus
80-WN3-aus-1,,,Wallara Waters Shuttle - Wallan Station,3,FF8200,FFFFFF,4_metro_bus
81-433-aus-1,,433,Maddingley - Darley,3,FF8200,FFFFFF,4_metro_bus
81-434-aus-1,,434,Bacchus Marsh Station - Telford Park,3,FF8200,FFFFFF,4_metro_bus
81-452-aus-1,,452,Eynesbury - Melton Station,3,FF8200,FFFFFF,4_metro_bus
81-99x-aus-1,,,Mount Egerton - Ballan,3,FF8200,FFFFFF,4_metro_bus
81-99y-aus-1,,,Ballan - Hepburn Springs,3,FF8200,FFFFFF,4_metro_bus
6-13-mjp-1,,13,Paynesville - Bairnsdale Via Paynesville,3,FF8200,FFFFFF,6_regional_bus
6-14-mjp-1,,14,"Omeo - Bairnsdale Via Bruthen, Swifts Creek",3,FF8200,FFFFFF,6_regional_bus
6-209-mjp-1,,3,Wurruk - Sale Via Princes Highway,3,FF8200,FFFFFF,6_regional_bus
6-298-mjp-1,,2,Gippsland Regional Sport Complex - Sale Via Gippsland Regional Sport Complex,3,FF8200,FFFFFF,6_regional_bus
6-40b-mjp-1,,211/311/312,Merbein - MilduraCity Via Eleventh St,3,FF8200,FFFFFF,6_regional_bus
6-54n-mjp-2,,,"Traralgon - Wonthaggi Via Inverloch, Leongatha, Mirboo Nth",3,FF8200,FFFFFF,6_regional_bus
6-589-mjp-2,,1,Sale Hospital - Sale Via Port of Sale,3,FF8200,FFFFFF,6_regional_bus
6-73-mjp-1,,1,Bairnsdale Via West Bairnsdale,3,FF8200,FFFFFF,6_regional_bus
6-855-mjp-2,,,Yarram - Traralgon Via Gormandale,3,FF8200,FFFFFF,6_regional_bus
6-858-mjp-1,,,Wangaratta - Myrtleford Via Wangaratta,3,FF8200,FFFFFF,6_regional_bus
6-866-mjp-1,,AW,Albury Via Gateway Island,3,FF8200,FFFFFF,6_regional_bus
6-867-mjp-1,,F,Wodonga Via West Wodonga,3,FF8200,FFFFFF,6_regional_bus
6-868-mjp-1,,G,Wodonga Via Gayview Drive,3,FF8200,FFFFFF,6_regional_bus
6-869-mjp-1,,T,TAFE Via West Wodonga,3,FF8200,FFFFFF,6_regional_bus
6-86N-mjp-1,,,"Kaniva - Horsham Via Dimboola, Nhill",3,FF8200,FFFFFF,6_regional_bus
6-872-mjp-1,,O,West Wodonga Via West Wodonga,3,FF8200,FFFFFF,6_regional_bus
6-873-mjp-1,,C,Cambourne Park Via Cambourne Park,3,FF8200,FFFFFF,6_regional_bus
6-874-mjp-1,,WS,Wodonga Via Wodonga,3,FF8200,FFFFFF,6_regional_bus
6-875-mjp-1,,B,Baranduda Via Baranduda,3,FF8200,FFFFFF,6_regional_bus
6-876-mjp-1,,150,Albury Via Birallee Shopping Centre,3,FF8200,FFFFFF,6_regional_bus
6-877-mjp-1,,160,Albury Via Birallee Shopping Centre,3,FF8200,FFFFFF,6_regional_bus
6-89x-mjp-1,,,Daylesford Via Hepburn Springs,3,FF8200,FFFFFF,6_regional_bus
6-901-mjp-1,,NSW901,West Albury Via West Albury,3,FF8200,FFFFFF,6_regional_bus
6-902-mjp-1,,NSW902,South Albury Via South Albury,3,FF8200,FFFFFF,6_regional_bus
6-903-mjp-1,,NSW903,East Albury Via Base Hospital,3,FF8200,FFFFFF,6_regional_bus
6-904-mjp-1,,2,"Rodney Park Via Rumbalara Co-Op, Echuca Rd",3,FF8200,FFFFFF,6_regional_bus
6-906-mjp-1,,NSW906,Lavington - Albury Via North Albury & Springdale Heights,3,FF8200,FFFFFF,6_regional_bus
6-907-mjp-1,,NSW907,"Quicks Hill - Albury Via TAFE, Glenroy & Lavington",3,FF8200,FFFFFF,6_regional_bus
6-908-mjp-1,,NSW908,"Thurgoona - Albury Via North Albury, Lavington & University",3,FF8200,FFFFFF,6_regional_bus
6-909-mjp-1,,NSW909,Thurgoona - Albury Via Hospital & Airport,3,FF8200,FFFFFF,6_regional_bus
6-920-mjp-1,,250/300,Merbein - Mildura City Via Seventeenth St,3,FF8200,FFFFFF,6_regional_bus
6-921-mjp-1,,100/200,Red Cliffs - Mildura City Via Red Cliffs,3,FF8200,FFFFFF,6_regional_bus
6-935-mjp-1,,,Korumburra - Korumburra (via King St-Commercial St) Via Korumburra,3,FF8200,FFFFFF,6_regional_bus
6-946-mjp-1,,South - Schools AM,Swan Hill Via Swan Hill,3,FF8200,FFFFFF,6_regional_bus
6-947-mjp-1,,,Stratford - Sale Via Stratford,3,FF8200,FFFFFF,6_regional_bus
6-949-mjp-1,,South - Schools PM,Swan Hill South Via Swan Hill South,3,FF8200,FFFFFF,6_regional_bus
6-959-mjp-1,,,"Chiltern - Wangaratta Via Springhurst, Rutherglen",3,FF8200,FFFFFF,6_regional_bus
6-960-mjp-1,,,"Wangaratta - Yarrawonga Via Peechelba, Killawarra",3,FF8200,FFFFFF,6_regional_bus
6-973-mjp-1,,,Leongatha - Wonthaggi Via Inverloch,3,FF8200,FFFFFF,6_regional_bus
6-973-mjp-3,,,Leongatha - Wonthaggi Via Inverloch,3,FF8200,FFFFFF,6_regional_bus
6-976-mjp-1,,,Wonthaggi - Cape Paterson Via Wonthaggi,3,FF8200,FFFFFF,6_regional_bus
6-977-mjp-1,,,"Wonthaggi - Coronet Bay/Corinella Via Corinella, Anderson",3,FF8200,FFFFFF,6_regional_bus
6-984-mjp-1,,1,Albury - Corowa Via Howlong,3,FF8200,FFFFFF,6_regional_bus
6-992-mjp-1,,1,Hamilton (Route 1) Via Coleraine Rd,3,FF8200,FFFFFF,6_regional_bus
6-994-mjp-1,,,"Mortlake - Warrnambool Via Ballangeich, Ellerslie",3,FF8200,FFFFFF,6_regional_bus
6-a18-mjp-1,,12,Gelantipy - Bairnsdale Via Lakes Entrance,3,FF8200,FFFFFF,6_regional_bus
6-a19-mjp-2,,4,Sale Station Via Reeve Street,3,FF8200,FFFFFF,6_regional_bus
6-a20-mjp-1,,401,West End - Wangaratta Via West End,3,FF8200,FFFFFF,6_regional_bus
6-a21-mjp-1,,402,Yarrunga - Wangaratta Via Murdoch Rd,3,FF8200,FFFFFF,6_regional_bus
6-a22-mjp-1,,403,Yarrawonga Road - Wangaratta Via Yarrawonga Road,3,FF8200,FFFFFF,6_regional_bus
6-a23-mjp-1,,,Albury/Wodonga - Corryong Via Walwa,3,FF8200,FFFFFF,6_regional_bus
6-a28-mjp-1,,tv,Tooleybuc - Swan Hill Via Nyah West,3,FF8200,FFFFFF,6_regional_bus
6-a29-mjp-1,,,Bendigo - Ballarat Via Maryborough,3,FF8200,FFFFFF,6_regional_bus
6-a30-mjp-2,,7,Loch Sport - Sale Via Longford,3,FF8200,FFFFFF,6_regional_bus
6-a31-mjp-1,,7,"Beechworth - Albury Via Wodonga, Yackandandah",3,FF8200,FFFFFF,6_regional_bus
6-a32-mjp-1,,2,Bairnsdale Via East Bairnsdale,3,FF8200,FFFFFF,6_regional_bus
6-a33-mjp-1,,3,Bairnsdale Via Wy Yung,3,FF8200,FFFFFF,6_regional_bus
6-a34-mjp-1,,,"Fountain Gate - Cowes Via San Remo, Pakenham",3,FF8200,FFFFFF,6_regional_bus
6-a36-mjp-1,,1,Westwood Park - Echuca Via Echuca South,3,FF8200,FFFFFF,6_regional_bus
6-a37-mjp-1,,2,Echuca Via Echuca,3,FF8200,FFFFFF,6_regional_bus
6-a38-mjp-1,,3,Echuca Via Moama,3,FF8200,FFFFFF,6_regional_bus
6-a39-mjp-1,,3,"Mooroopna Park Via Echuca Rd, Gange St",3,FF8200,FFFFFF,6_regional_bus
6-a40-mjp-1,,1,Shepparton - Mooroopna Via McLennan St,3,FF8200,FFFFFF,6_regional_bus
6-a42-mjp-1,,1,Swan Hill North Via Swan Hill North,3,FF8200,FFFFFF,6_regional_bus
6-a43-mjp-1,,2,Swan Hill South Via Swan Hill South,3,FF8200,FFFFFF,6_regional_bus
6-a44-mjp-1,,,Albury - Myrtleford Via Wodonga,3,FF8200,FFFFFF,6_regional_bus
6-a47-mjp-1,,,"Cowes - Wonthaggi Via Anderson, San Remo",3,FF8200,FFFFFF,6_regional_bus
6-a48-mjp-1,,North,Wonthaggi Via North Wonthaggi,3,FF8200,FFFFFF,6_regional_bus
6-a49-mjp-1,,South,Wonthaggi Via South Wonthaggi,3,FF8200,FFFFFF,6_regional_bus
6-a50-mjp-1,,,Alvie - Colac Via Coragulac,3,FF8200,FFFFFF,6_regional_bus
6-alb-mjp-1,,,Ararat - Lake Bolac Via Willaura,3,FF8200,FFFFFF,6_regional_bus
6-alc-mjp-1,,,"Corowa - Albury Via Barnawartha, Rutherglen",3,FF8200,FFFFFF,6_regional_bus
6-ALX-mjp-1,,,"Marysville - Alexandra Via Taggerty, Buxton",3,FF8200,FFFFFF,6_regional_bus
6-Apr-mjp-1,,,Hopkins Correctional Centre - Ararat Via Hopkins Correctional Centre,3,FF8200,FFFFFF,6_regional_bus
6-Ar1-mjp-1,,1,"Ararat West Via Brewster St, Lowe St",3,FF8200,FFFFFF,6_regional_bus
6-Ar2-mjp-1,,2,"Ararat South Via Burke Rd, Churchill Av",3,FF8200,FFFFFF,6_regional_bus
6-Ar3-mjp-1,,3,"Ararat North Via Baird St, Melbourne Polytechnic, Alfred St",3,FF8200,FFFFFF,6_regional_bus
6-ArM-mjp-1,,,Maryborough - Ararat Via Avoca,3,FF8200,FFFFFF,6_regional_bus
6-ArS-mjp-1,,,Ararat - Stawell Via Great Western,3,FF8200,FFFFFF,6_regional_bus
6-b29-mjp-1,,,Maryborough - Bendigo Via Maryborough,3,FF8200,FFFFFF,6_regional_bus
6-BM8-mjp-1,,Barmah 8,Barmah - Echuca Via Barmah,3,FF8200,FFFFFF,6_regional_bus
6-BNI-mjp-1,,1,Benalla West Via Benalla West,3,FF8200,FFFFFF,6_regional_bus
6-BNZ-mjp-1,,2,Benalla East Via Benalla East,3,FF8200,FFFFFF,6_regional_bus
6-Bor-mjp-1,,,"Bendigo - Boort Via Wedderburn, Inglewood",3,FF8200,FFFFFF,6_regional_bus
6-BxW-mjp-1,,,"Woomelang - Bendigo Via Wedderburn, Charlton, Birchip",3,FF8200,FFFFFF,6_regional_bus
6-c06-mjp-1,,6,Chewton - Castlemaine Via Loddon Prison,3,FF8200,FFFFFF,6_regional_bus
6-C27-mjp-1,,C27,Smythesdale - Delacombe Via Haddon,3,FF8200,FFFFFF,6_regional_bus
6-cc2-mjp-1,,2,Colac - Colac West Via Fyans St,3,FF8200,FFFFFF,6_regional_bus
6-CL1-mjp-1,,1,Colac - Elliminyt Via Lavers Hill Rd,3,FF8200,FFFFFF,6_regional_bus
6-CL3-mjp-1,,3,Colac East - Colac Via Church St,3,FF8200,FFFFFF,6_regional_bus
6-CMO-mjp-1,,,"Marengo - Colac Via Forrest, Skenes Creek, Apollo Bay",3,FF8200,FFFFFF,6_regional_bus
6-CMO-mjp-2,,,"Marengo - Colac Via Forrest, Skenes Creek, Apollo Bay",3,FF8200,FFFFFF,6_regional_bus
6-cob-mjp-1,,,Cobram Via Cobram,3,FF8200,FFFFFF,6_regional_bus
6-DWB-mjp-1,,Wangaratta-Bright,Bright - Wangaratta Via Bright,3,FF8200,FFFFFF,6_regional_bus
6-Ec4-mjp-1,,4,Echuca - Cunningham Downs Retirement Village Via Echuca,3,FF8200,FFFFFF,6_regional_bus
6-Ec5-mjp-1,,5,Echuca - 24 Lane Via Moama,3,FF8200,FFFFFF,6_regional_bus
6-Eur-mjp-1,,,Euroa - Shepparton Via Kialla,3,FF8200,FFFFFF,6_regional_bus
6-G73-mjp-1,,73,Willowbank Rd - Gisborne Station Via Town Centre,3,FF8200,FFFFFF,6_regional_bus
6-G74-mjp-1,,74,Willowbank Rd - Gisborne Station Via Town Centre,3,FF8200,FFFFFF,6_regional_bus
6-G77-mjp-1,,77,Bullengarook CFA - Gisborne Via Bullengarook CFA,3,FF8200,FFFFFF,6_regional_bus
6-GIV-mjp-1,,,Inverleigh - Corio St/Moorabool St (Geelong) Via Fyansford,3,FF8200,FFFFFF,6_regional_bus
6-gvc-mjp-1,,,Grantville - Coronet Bay Via Grantville,3,FF8200,FFFFFF,6_regional_bus
6-H46-mjp-1,,H46,Wangaratta - Glenrowan Via Wangaratta,3,FF8200,FFFFFF,6_regional_bus
6-HA2-mjp-1,,2,Hamilton (Route 2) Via Kent Rd,3,FF8200,FFFFFF,6_regional_bus
6-HA3-mjp-1,,3,Hamilton (Route 3) Via Ballarat Rd,3,FF8200,FFFFFF,6_regional_bus
6-hea-mjp-1,,,"Heathcote - Bendigo Via Junortoun, Axedale, Knowsley",3,FF8200,FFFFFF,6_regional_bus
6-hea-mjp-3,,,"Heathcote - Bendigo Via Junortoun, Axedale, Knowsley",3,FF8200,FFFFFF,6_regional_bus
6-hep-mjp-1,,,Creswick - Hepburn Via Daylesford,3,FF8200,FFFFFF,6_regional_bus
6-Hpt-mjp-1,,,Penshurst - Hamilton Via Tarrington,3,FF8200,FFFFFF,6_regional_bus
6-HR1-mjp-1,,1,Shirley Street - Natimuk Road Via Town Centre,3,FF8200,FFFFFF,6_regional_bus
6-HR2-mjp-1,,2,"Shirley Street - Natimuk Road Via Town Centre, Hospital",3,FF8200,FFFFFF,6_regional_bus
6-HR3-mjp-1,,3,South Bank - Wawunna Road Via Town Centre,3,FF8200,FFFFFF,6_regional_bus
6-HR4-mjp-1,,4,Haven - Horsham Via Haven,3,FF8200,FFFFFF,6_regional_bus
6-HR5-mjp-1,,5,Horsham Station - Roberts Ave Via Horsham Station,3,FF8200,FFFFFF,6_regional_bus
6-KeE-mjp-1,,,Kerang - Echuca Via Kerang,3,FF8200,FFFFFF,6_regional_bus
6-KWR-mjp-2,,,Pakenham - Koo Wee Rup Via Pakenham,3,FF8200,FFFFFF,6_regional_bus
6-KWR-mjp-3,,,Pakenham - Koo Wee Rup Via Pakenham,3,FF8200,FFFFFF,6_regional_bus
6-KWR-mjp-4,,,Pakenham - Koo Wee Rup Via Pakenham,3,FF8200,FFFFFF,6_regional_bus
6-KY1-mjp-1,,1,Kyneton Town Centre - Kyneton Station Via Kyneton Town Centre,3,FF8200,FFFFFF,6_regional_bus
6-KY2-mjp-1,,2,Kyneton Station - Kyneton Town Centre Via Kyneton Station,3,FF8200,FFFFFF,6_regional_bus
6-KY3-mjp-1,,3,Kyneton Town Centre - Kyneton Station Via Kyneton Town Centre,3,FF8200,FFFFFF,6_regional_bus
6-KY4-mjp-1,,4,Kyneton Town Centre - Trentham Via Kyneton Town Centre,3,FF8200,FFFFFF,6_regional_bus
6-Kym-mjp-1,,,Kyneton Town Centre - Malmsbury Via Kyneton Town Centre,3,FF8200,FFFFFF,6_regional_bus
6-La1-mjp-1,,1,Lakes Entrance - Kalimna Via Lakes Entrance,3,FF8200,FFFFFF,6_regional_bus
6-La2-mjp-1,,2,Lakes Entrance - Lakes Entrance (North) Via Lakes Entrance,3,FF8200,FFFFFF,6_regional_bus
6-La3-mjp-1,,3,Lakes Entrance - Lakes Entrance (East) Via Lakes Entrance,3,FF8200,FFFFFF,6_regional_bus
6-LcS-mjp-1,,,Lancefield - Sunbury Via Lancefield,3,FF8200,FFFFFF,6_regional_bus
6-LGs-mjp-1,,,Lancefield - Gisborne Town Centre Via Lancefield,3,FF8200,FFFFFF,6_regional_bus
6-M40-mjp-1,,400,Mildura Central SC Via East Mildura,3,FF8200,FFFFFF,6_regional_bus
6-M41-mjp-1,,401,Mildura City Via East Mildura,3,FF8200,FFFFFF,6_regional_bus
6-M50-mjp-1,,500,Mildura Central SC Via West Mildura,3,FF8200,FFFFFF,6_regional_bus
6-M51-mjp-1,,501,Mildura City Via West Mildura,3,FF8200,FFFFFF,6_regional_bus
6-M60-mjp-1,,600,Mildura Central SC Via Mildura Central SC,3,FF8200,FFFFFF,6_regional_bus
6-M61-mjp-1,,601,Mildura Central SC Via Mildura South,3,FF8200,FFFFFF,6_regional_bus
6-M62-mjp-1,,602,Mildura City Via Mildura City,3,FF8200,FFFFFF,6_regional_bus
6-Ma1-mjp-1,,,Glassford Street - Maffra Post Office Via Maffra Hospital,3,FF8200,FFFFFF,6_regional_bus
6-Mab-mjp-1,,,Maryborough - Maryborough Station Via Maryborough,3,FF8200,FFFFFF,6_regional_bus
6-mal-mjp-2,,,Genoa - Mallacoota Via Gipsy Point,3,FF8200,FFFFFF,6_regional_bus
6-MB3-mjp-1,,3,Pascoe - Maryborough Via Loch St,3,FF8200,FFFFFF,6_regional_bus
6-MB4-mjp-1,,4,Maryborough Education Centre - Maryborough Via Gladstone St,3,FF8200,FFFFFF,6_regional_bus
6-MiS-mjp-1,,,Mildura - Sea Lake Via Ouyen,3,FF8200,FFFFFF,6_regional_bus
6-MLH-mjp-1,,,"Horsham - Mildura Via Ouyen, Warracknabeal",3,FF8200,FFFFFF,6_regional_bus
6-MtB-mjp-1,,,"Mt Beauty - Albury Via Baranduda, Kergunya, Tawonga South",3,FF8200,FFFFFF,6_regional_bus
6-MtE-mjp-1,,,Mt Egerton - Ballarat Via Gordon,3,FF8200,FFFFFF,6_regional_bus
6-MUR-mjp-1,,,Rupanyup Via Rupanyup,3,FF8200,FFFFFF,6_regional_bus
6-Mx1-mjp-1,,1,Hedges - Maryborough Via Derby Rd,3,FF8200,FFFFFF,6_regional_bus
6-Mx2-mjp-1,,2,Princes Park/Whirrakee - Maryborough Via Holyrood St,3,FF8200,FFFFFF,6_regional_bus
6-Nar-mjp-1,,,"Naracoorte - Horsham Via Natimuk, Goroke, Edenhope",3,FF8200,FFFFFF,6_regional_bus
6-ome-mjp-1,,,Bright - Omeo Via Hotham Heights,3,FF8200,FFFFFF,6_regional_bus
6-ome-mjp-2,,,Bright - Omeo Via Hotham Heights,3,FF8200,FFFFFF,6_regional_bus
6-Ouy-mjp-1,,,Ouyen - Pinnaroo Via Mallee Hwy,3,FF8200,FFFFFF,6_regional_bus
6-PT1-mjp-1,,1,Portland Via Portland,3,FF8200,FFFFFF,6_regional_bus
6-PT2-mjp-1,,2,Portland Via Portland,3,FF8200,FFFFFF,6_regional_bus
6-R01-mjp-1,,,Restdown Retirement Village Via Restdown Retirement Village,3,FF8200,FFFFFF,6_regional_bus
6-R11-mjp-1,,,"Donald - Horsham Via Murtoa, Rupanyup, Minyip",3,FF8200,FFFFFF,6_regional_bus
6-R12-mjp-1,,,Swan Hill - Sea Lake Via Lake Boga or Ultima,3,FF8200,FFFFFF,6_regional_bus
6-R13-mjp-1,,,Birchip - Horsham Via Warracknabeal,3,FF8200,FFFFFF,6_regional_bus
6-R14-mjp-1,,,"Hopetoun - Horsham Via Dimboola, Rainbow",3,FF8200,FFFFFF,6_regional_bus
6-R21-mjp-1,,,Robinvale - Mildura Via Euston,3,FF8200,FFFFFF,6_regional_bus
6-R22-mjp-1,,,"Ballarat - Stawell Via Ararat, Beaufort",3,FF8200,FFFFFF,6_regional_bus
6-R30-mjp-1,,5,"Taradale - Castlemaine Via Chewton, Elphinstone",3,FF8200,FFFFFF,6_regional_bus
6-R36-mjp-1,,3,Castlemaine - Harcourt Via Castlemaine,3,FF8200,FFFFFF,6_regional_bus
6-R37-mjp-1,,2,Castlemaine Via Castlemaine Hospital,3,FF8200,FFFFFF,6_regional_bus
6-R53-mjp-1,,,Cheshunt - Wangaratta Via Wangaratta - Whitfield Rd,3,FF8200,FFFFFF,6_regional_bus
6-R54-mjp-1,,Dudley,Wonthaggi Via Dudley,3,FF8200,FFFFFF,6_regional_bus
6-r89-mjp-1,,1,Castlemaine Via Campbells Creek,3,FF8200,FFFFFF,6_regional_bus
6-R95-mjp-1,,,Kyneton - Woodend Via Kyneton,3,FF8200,FFFFFF,6_regional_bus
6-rok-mjp-1,,,"Ballarat - Rokewood Via Dereel, Enfield, Napoleons",3,FF8200,FFFFFF,6_regional_bus
6-RsK-mjp-1,,,Kyneton Town Centre - Lancefield Via Kyneton Town Centre,3,FF8200,FFFFFF,6_regional_bus
6-S01-mjp-1,,1,Stawell South Via Stawell South,3,FF8200,FFFFFF,6_regional_bus
6-S02-mjp-1,,2,Stawell North Via Stawell North,3,FF8200,FFFFFF,6_regional_bus
6-s05-mjp-1,,5,Glebe Estate - Sale Via Port of Sale,3,FF8200,FFFFFF,6_regional_bus
6-s06-mjp-1,,6,Glenhaven Park - Sale Via Port of Sale,3,FF8200,FFFFFF,6_regional_bus
6-SBO-mjp-1,,,Bendigo Station - Shepparton Station Via Bendigo Station,3,FF8200,FFFFFF,6_regional_bus
6-Sea-mjp-1,,,Seaspray - Sale Via Longford,3,FF8200,FFFFFF,6_regional_bus
6-Sh1-mjp-1,,1,Parkside Gardens Via GV Health,3,FF8200,FFFFFF,6_regional_bus
6-Sh2-mjp-1,,2,Parkside Gardens Via The Boulevard,3,FF8200,FFFFFF,6_regional_bus
6-Sh3-mjp-1,,3,GOTAFE William Orr Campus - Shepparton Via Golf Drive,3,FF8200,FFFFFF,6_regional_bus
6-Sh4-mjp-1,,4,Shepparton - Connolly Park Via Shepparton,3,FF8200,FFFFFF,6_regional_bus
6-Sh5-mjp-1,,5,Shepparton - Archer Via Shepparton,3,FF8200,FFFFFF,6_regional_bus
6-Sh6-mjp-1,,6,Shepparton - South East Via Shepparton,3,FF8200,FFFFFF,6_regional_bus
6-Sh7-mjp-1,,7,Shepparton - Marketplace Via Shepparton,3,FF8200,FFFFFF,6_regional_bus
6-Sh8-mjp-1,,8,Shepparton - Kialla Via Shepparton,3,FF8200,FFFFFF,6_regional_bus
6-Sh9-mjp-1,,9,Aquamoves - Shepparton Via Aquamoves,3,FF8200,FFFFFF,6_regional_bus
6-StA-mjp-1,,,Stawell - St Arnaud Via Ararat,3,FF8200,FFFFFF,6_regional_bus
6-StH-mjp-1,,,Stawell - Horsham Via Western Hwy,3,FF8200,FFFFFF,6_regional_bus
6-StS-mjp-1,,,Stawell - St Arnaud Via Marnoo,3,FF8200,FFFFFF,6_regional_bus
6-Tal-mjp-1,,,"Tallangatta - Albury Via Killara, Bonegilla, Red Bluff",3,FF8200,FFFFFF,6_regional_bus
6-Tim-mjp-1,,,Timboon - Camperdown Via Camperdown - Cobden Rd,3,FF8200,FFFFFF,6_regional_bus
6-V63-mjp-1,,V63,Eildon - Alexandra Via Thornton,3,FF8200,FFFFFF,6_regional_bus
6-W04-mjp-1,,404,Yarrunga - Wangaratta Via Mason St,3,FF8200,FFFFFF,6_regional_bus
6-WoE-mjp-1,,E,East Wodonga Via East Wodonga,3,FF8200,FFFFFF,6_regional_bus
6-woM-mjp-1,,M,Wodonga Via Mayfair Drive,3,FF8200,FFFFFF,6_regional_bus
6-Woo-mjp-1,,,Woods Point - Mansfield Via Jamieson,3,FF8200,FFFFFF,6_regional_bus
6-WoS-mjp-1,,S,South Wodonga Via South Wodonga,3,FF8200,FFFFFF,6_regional_bus
6-WPC-mjp-1,,,Timboon - Warrnambool Via Port Campbell,3,FF8200,FFFFFF,6_regional_bus
6-wr1-mjp-1,,1,Dennington - Warrnambool Via Dennington,3,FF8200,FFFFFF,6_regional_bus
6-wr2-mjp-1,,2,Gateway Plaza - Warrnambool Via Centro,3,FF8200,FFFFFF,6_regional_bus
6-wr3-mjp-1,,3,Deakin University - Warrnambool Via Deakin University,3,FF8200,FFFFFF,6_regional_bus
6-wr4-mjp-1,,4,Tower Square - Warrnambool Via Tower Square,3,FF8200,FFFFFF,6_regional_bus
6-wr5-mjp-1,,5,Lake Pertobe Loop Via Lake Pertobe Loop,3,FF8200,FFFFFF,6_regional_bus
6-wr6-mjp-1,,6,Merrivale - Warrnambool Via Merrivale,3,FF8200,FFFFFF,6_regional_bus
6-wr8-mjp-1,,8,Port Fairy - Warrnambool Via Port Fairy,3,FF8200,FFFFFF,6_regional_bus
6-wr9-mjp-1,,9,Allansford - Warrnambool Via Allansford,3,FF8200,FFFFFF,6_regional_bus
6-Wyc-mjp-1,,,Wycheproof - Swan Hill Via Lalbert,3,FF8200,FFFFFF,6_regional_bus
6-xM4-mjp-1,,4,Maldon - Castlemaine Via Maldon,3,FF8200,FFFFFF,6_regional_bus
11-box-mjp-1,,,Box Hill - Melbourne Airport,3,ED1C24,FFFFFF,11_skybus
11-SK4-mjp-1,,,Frankston - Melbourne Airport,3,ED1C24,FFFFFF,11_skybus
11-Ska-mjp-1,,,Melbourne City - Avalon Airport,3,ED1C24,FFFFFF,11_skybus
11-SKY-mjp-1,,,City - Melbourne Airport,3,ED1C24,FFFFFF,11_skybus
